N,P,K,temperature,humidity,ph,rainfall,label
36.53,22.26,12.45,32.06,94.58,7.09,101.95,orange
62.6,38.62,43.67,22.6,88.99,6.27,255.32,rice
27.41,58.03,24.54,20.19,65.18,6.46,37.68,lentil
30.44,138.13,200.66,25.86,89.91,6.16,60.83,grapes
38.77,72.69,20.91,17.9,19.74,6.12,133.96,kidneybeans
103.31,82.09,51.64,28.04,75.08,6.13,127.69,banana
93.4,48.22,24.81,19.19,57.24,6.72,75.16,maize
98.64,90.6,46.01,25.45,83.82,6.58,120.79,banana
95.81,22.39,49.28,29.14,91.37,6.67,21.01,muskmelon
29.18,141.83,203.14,18.13,81.35,5.84,72.21,grapes
34.14,30.66,26.02,31.39,53.28,4.76,62.21,mango
88.16,42.29,44.88,25.26,75.37,6.4,185.76,jute
17.5,22.41,33.27,32.8,50.73,6.85,54.14,mango
32.39,26.21,29.02,36.67,46.13,6.56,86.69,mango
119.87,83.91,47.63,29.15,79.55,6.26,119.57,banana
85.34,55.68,40.69,23.39,80.08,6.34,186.48,jute
56.57,65.13,53.53,40.05,92.87,6.78,61.03,papaya
37.87,27.63,31.24,34.74,54.66,5.52,69.58,mango
30.91,69.82,16.83,35.64,56.26,6.86,96.59,pigeonpeas
19.04,128.28,200.8,40.38,88.45,5.6,71.36,grapes
18.53,62.93,23.03,26.9,61.59,6.11,50.78,lentil
25.13,68.27,17.47,20.91,19.44,6.16,66.03,kidneybeans
103.57,93.62,50.84,25.88,82.41,5.58,104.4,banana
100.28,39.29,25.55,25.74,63.42,7.43,189.9,coffee
108.44,11.36,54.52,27.83,94.72,6.78,20.79,muskmelon
71.39,51.4,35.36,24.42,70.28,6.58,186.55,jute
24.43,70.56,19.37,20.46,19.81,5.67,102.65,kidneybeans
108.06,23.17,51.27,29.69,93.92,6.41,27.25,muskmelon
30.9,64.04,18.18,33.31,33.37,6.8,165.04,pigeonpeas
68.8,57.01,46.56,35.27,87.24,6.5,180.68,papaya
35.56,74.33,19.81,23.28,22.95,5.81,125.05,kidneybeans
21.84,13.62,32.2,25.13,97.03,6.63,181.26,coconut
37.56,16.77,29.41,32.63,49.65,4.75,30.99,mango
22.6,11.41,13.49,12.95,90.75,6.85,101.64,orange
15.89,20.87,25.49,26.06,99.67,5.61,224.05,coconut
63.54,52.27,42.7,22.05,87.74,5.93,207.51,rice
39.79,12.96,14.77,13.14,93.61,6.68,112.85,orange
37.37,18.95,43.77,18.4,91.86,5.81,118.15,pomegranate
17.0,44.83,23.12,29.68,46.31,4.53,51.1,mothbeans
31.96,27.53,11.11,19.05,91.74,6.95,104.19,orange
26.28,143.15,197.78,21.71,90.02,6.42,101.26,apple
20.98,60.01,20.86,26.55,66.42,7.12,35.45,lentil
24.45,11.28,14.71,31.47,90.87,6.04,102.14,orange
23.97,45.35,17.08,28.04,42.7,7.63,46.08,mothbeans
93.12,53.36,37.15,25.36,77.83,6.1,170.5,jute
23.58,58.17,16.06,29.18,72.17,7.0,69.19,blackgram
27.21,14.54,29.58,26.34,97.61,6.15,141.32,coconut
17.56,139.33,202.86,18.02,85.48,5.93,68.62,grapes
110.93,38.59,34.41,27.41,64.63,6.4,178.57,coffee
104.58,36.06,26.48,23.56,65.72,7.02,172.5,coffee
115.66,57.69,15.97,24.07,75.93,5.96,70.21,cotton
22.03,65.34,16.62,24.85,20.43,5.61,132.32,kidneybeans
27.6,17.5,34.2,27.33,94.07,6.86,181.34,coconut
70.35,37.26,40.78,22.24,87.57,5.68,184.02,rice
92.62,50.83,44.63,20.71,83.41,6.29,253.37,rice
25.11,71.21,15.52,34.2,60.97,6.89,70.67,blackgram
87.95,52.42,44.62,25.49,73.4,6.81,179.06,jute
32.68,58.6,21.08,18.62,68.63,4.97,117.99,pigeonpeas
23.23,76.4,16.08,26.57,60.42,6.71,69.7,blackgram
89.75,57.23,36.7,24.25,88.36,7.05,156.21,jute
23.21,122.77,195.85,23.02,94.79,6.01,108.21,apple
25.73,42.07,20.8,33.44,79.17,6.38,44.09,mungbean
27.97,133.06,202.94,33.45,89.37,6.21,72.83,grapes
28.98,44.65,18.85,26.56,62.31,7.02,44.06,mungbean
65.95,42.22,24.45,22.4,74.52,7.24,101.13,maize
102.45,21.32,52.24,25.3,87.04,6.67,48.58,watermelon
139.2,46.8,16.44,23.8,77.22,5.83,96.83,cotton
109.62,89.68,46.76,26.37,84.23,6.96,121.92,banana
16.13,59.17,19.0,24.18,61.36,6.56,36.5,lentil
90.89,37.33,39.39,21.0,82.8,5.76,198.4,rice
19.69,77.77,19.49,20.54,60.95,7.29,39.78,lentil
22.69,46.06,19.03,31.48,42.5,5.32,43.67,mothbeans
32.93,70.98,16.87,30.91,74.86,6.76,72.79,blackgram
110.71,48.99,21.29,23.45,72.4,6.67,83.34,cotton
22.36,140.59,198.88,22.61,90.9,6.04,113.72,apple
30.27,20.81,33.91,34.82,51.34,6.73,32.25,mango
34.91,58.84,16.41,24.52,51.26,6.22,166.16,pigeonpeas
103.97,17.93,53.76,26.77,87.26,6.1,46.95,watermelon
29.19,57.05,91.91,23.8,16.5,6.01,80.22,chickpea
18.07,68.03,24.26,17.65,20.08,5.61,99.01,kidneybeans
45.21,78.35,53.79,27.88,86.94,6.94,200.74,papaya
96.58,35.45,21.21,25.36,68.34,7.27,100.3,maize
27.58,58.14,21.34,17.97,22.19,5.81,110.32,kidneybeans
17.36,139.99,199.36,32.27,88.6,6.96,67.6,grapes
28.48,139.06,203.87,22.24,94.43,5.54,115.86,apple
121.79,49.3,24.36,22.99,82.4,6.55,71.88,cotton
33.13,32.88,30.87,30.29,54.3,5.58,36.98,mango
32.88,71.68,18.87,24.6,56.38,6.19,100.45,pigeonpeas
38.57,22.35,31.1,32.01,46.47,5.91,53.3,mango
31.79,29.93,38.54,20.54,91.32,5.51,123.65,pomegranate
31.76,12.79,41.15,18.22,91.61,5.88,124.76,pomegranate
35.79,29.07,11.45,17.0,94.16,7.37,103.41,orange
26.23,28.41,33.45,26.82,98.97,6.33,168.27,coconut
82.17,59.6,18.42,26.43,65.14,5.71,85.78,maize
22.23,28.73,26.6,30.85,54.33,4.94,87.11,mango
108.48,12.43,54.52,25.35,85.47,6.63,47.09,watermelon
17.81,19.64,11.46,21.72,93.82,7.23,111.73,orange
61.49,55.34,45.89,30.09,87.3,6.88,120.58,papaya
80.75,37.46,26.69,25.54,64.67,6.23,158.26,coffee
108.77,11.61,52.97,28.46,93.31,6.62,28.22,muskmelon
29.19,76.05,96.82,23.38,23.6,6.24,79.56,chickpea
119.47,17.04,29.54,23.56,64.68,7.13,178.42,coffee
29.84,63.0,18.56,23.03,67.2,6.68,39.26,lentil
27.33,124.0,203.19,8.34,86.49,6.06,68.81,grapes
34.6,131.78,196.3,23.4,88.38,6.82,60.58,grapes
99.26,81.64,47.52,23.61,83.31,7.0,109.32,banana
114.31,82.54,46.76,29.44,76.75,6.15,126.81,banana
22.8,76.68,20.2,19.91,64.3,6.88,36.22,lentil
107.4,14.38,47.67,24.53,82.12,6.63,43.75,watermelon
28.0,64.29,17.89,19.62,19.9,5.83,60.75,kidneybeans
103.25,78.06,45.12,25.42,85.01,5.97,97.66,banana
97.61,90.23,49.12,29.01,88.69,6.81,101.94,banana
86.58,46.12,39.56,26.43,87.31,6.6,174.84,jute
33.61,14.17,37.31,23.3,86.91,5.97,114.59,pomegranate
34.72,64.14,23.67,19.38,18.65,6.01,140.02,kidneybeans
114.6,15.25,25.68,27.34,54.51,6.7,150.06,coffee
105.43,23.67,46.53,25.53,86.27,6.58,41.44,watermelon
38.4,130.67,196.7,23.46,91.49,5.85,121.97,apple
38.31,56.94,17.38,31.32,65.77,6.66,54.67,mungbean
22.74,62.44,76.43,17.67,14.87,7.07,64.99,chickpea
19.3,61.64,21.22,21.86,64.34,7.25,43.93,lentil
33.69,17.13,14.25,10.28,90.24,6.23,101.85,orange
36.44,21.15,14.89,12.48,92.43,6.53,108.67,orange
93.91,72.87,53.11,27.68,89.8,6.14,114.05,banana
17.35,64.0,16.83,21.5,69.89,7.29,43.99,lentil
94.3,20.7,50.34,24.6,85.9,6.61,41.0,watermelon
32.64,15.55,40.67,21.33,90.52,5.64,124.86,pomegranate
46.3,65.84,51.39,23.5,85.34,6.25,165.36,papaya
96.37,48.39,35.94,25.79,87.63,5.99,269.27,rice
103.45,97.29,46.97,24.78,79.09,5.93,103.56,banana
75.89,35.99,17.2,19.13,64.85,5.65,76.22,maize
23.68,13.28,11.25,30.37,92.09,6.96,110.0,orange
16.99,48.74,18.42,33.89,67.3,6.47,40.22,mungbean
117.04,93.05,53.28,29.95,80.85,6.78,109.28,banana
82.08,36.92,21.19,22.32,61.74,5.89,106.36,maize
68.2,58.13,15.76,21.87,72.41,6.84,93.47,maize
31.45,47.08,21.1,26.54,38.57,4.73,47.87,mothbeans
105.98,22.48,46.39,26.36,87.4,6.26,43.99,watermelon
106.07,59.69,21.23,23.0,80.2,6.22,69.63,cotton
28.05,77.52,23.06,20.53,69.14,6.77,42.95,lentil
28.39,68.67,24.33,31.63,72.41,6.04,67.43,blackgram
122.91,58.43,16.09,22.29,71.23,5.86,70.5,cotton
96.19,17.27,50.64,27.32,91.91,6.29,20.89,muskmelon
20.42,73.07,22.07,31.45,70.29,7.41,74.91,blackgram
108.09,18.99,51.0,25.37,89.26,6.73,49.5,watermelon
64.24,75.88,51.31,33.41,94.89,6.33,68.4,papaya
25.68,134.92,203.01,22.55,93.46,5.73,121.01,apple
85.62,20.85,32.61,27.15,57.36,6.55,197.04,coffee
38.94,67.51,17.42,19.09,18.09,5.58,97.08,kidneybeans
38.01,58.45,23.87,31.81,67.72,6.26,64.98,mungbean
30.75,37.42,21.49,30.71,62.16,4.82,32.11,mothbeans
29.42,64.48,17.65,21.22,63.01,5.82,40.7,lentil
34.45,60.28,15.87,26.95,33.07,7.21,141.19,pigeonpeas
36.41,24.0,32.91,32.55,51.61,5.6,92.58,mango
38.69,59.98,17.6,24.67,18.71,5.93,108.21,kidneybeans
34.37,36.91,34.56,34.22,48.12,5.33,96.54,mango
88.89,40.53,22.23,25.17,74.43,5.98,104.0,maize
16.26,55.37,24.44,23.17,18.79,5.8,136.95,kidneybeans
34.65,76.66,23.36,26.95,72.85,6.23,69.0,blackgram
106.98,10.46,46.11,24.82,89.99,6.27,46.9,watermelon
103.85,14.09,45.66,25.2,82.38,6.09,41.32,watermelon
70.38,42.98,23.51,23.4,74.4,6.72,64.83,maize
86.89,40.05,38.74,25.13,82.17,6.91,157.7,jute
71.78,43.5,16.59,20.18,63.62,6.79,79.97,maize
35.27,28.37,28.78,30.86,47.65,6.23,90.93,mango
25.02,74.4,16.23,32.17,74.95,6.01,64.36,blackgram
103.37,14.98,45.44,26.19,84.0,6.23,49.28,watermelon
88.93,36.58,40.26,26.33,84.37,6.17,194.2,jute
87.5,41.11,42.47,23.53,70.15,7.42,151.39,jute
41.11,76.83,81.17,21.04,14.38,6.84,95.08,chickpea
89.52,58.75,16.3,18.54,68.47,7.3,94.75,maize
36.17,139.68,198.66,39.86,88.71,6.18,73.34,grapes
37.3,60.63,17.82,17.35,23.24,5.66,112.09,kidneybeans
105.16,14.13,51.59,27.99,90.75,6.23,21.01,muskmelon
31.94,76.0,22.75,22.3,54.91,6.97,138.85,pigeonpeas
17.94,11.45,36.58,24.26,93.33,6.07,111.87,pomegranate
34.93,120.59,197.16,22.68,94.68,6.43,119.36,apple
124.34,44.95,16.52,22.4,75.14,6.26,89.66,cotton
68.11,72.89,50.36,33.83,89.68,6.04,164.5,papaya
100.31,12.78,50.1,29.04,94.46,6.08,25.8,muskmelon
49.63,56.0,51.0,34.06,90.38,6.51,177.42,papaya
27.62,44.43,20.79,26.99,60.74,6.96,42.21,mungbean
112.97,82.24,52.24,28.13,84.92,5.71,97.66,banana
20.81,126.32,204.04,8.31,87.52,6.78,65.62,grapes
19.07,38.08,23.62,31.57,49.5,4.81,45.75,mothbeans
35.52,16.12,37.57,23.41,93.7,6.15,102.24,pomegranate
63.98,41.24,18.73,26.29,58.59,6.28,71.69,maize
33.77,23.25,35.08,23.87,92.7,6.29,119.4,pomegranate
57.6,64.85,51.03,31.8,92.74,6.76,85.5,papaya
99.54,24.97,53.51,27.23,93.01,6.13,29.86,muskmelon
90.46,90.12,52.24,24.83,83.65,5.7,123.5,banana
20.04,38.23,20.69,34.28,77.47,7.0,45.92,mungbean
21.39,71.23,15.2,20.5,62.84,7.44,45.95,lentil
16.41,47.55,20.44,29.46,63.76,7.0,42.34,mungbean
135.03,57.19,18.37,22.09,71.75,6.04,67.32,cotton
64.27,36.97,42.48,23.0,70.02,7.48,192.85,jute
19.31,67.58,24.47,23.64,60.09,6.16,51.36,lentil
46.89,56.83,52.68,41.31,92.98,6.38,91.44,papaya
37.75,58.52,20.82,23.17,21.04,5.52,74.08,kidneybeans
26.78,19.14,10.95,19.5,94.82,6.22,101.98,orange
22.01,144.48,201.46,19.12,82.2,6.34,68.78,grapes
44.01,62.98,16.9,31.51,74.23,7.11,67.58,blackgram
18.35,55.59,18.72,23.07,24.61,5.89,129.55,kidneybeans
16.34,66.84,19.32,20.84,65.27,6.42,43.18,lentil
27.11,56.79,19.71,16.03,67.95,6.65,37.33,lentil
35.75,14.55,32.41,25.56,95.89,5.89,184.23,coconut
35.9,120.91,200.74,21.12,94.72,5.52,115.18,apple
82.45,40.61,36.16,26.34,84.33,5.86,290.5,rice
110.14,43.87,21.82,23.73,73.22,6.63,91.79,cotton
33.57,76.33,18.62,33.52,67.95,6.12,68.13,blackgram
37.89,122.72,204.73,22.03,82.14,6.69,67.7,grapes
96.0,21.01,49.13,25.09,86.72,6.51,41.48,watermelon
28.54,15.49,30.48,29.15,52.51,4.63,32.64,mango
68.21,35.78,17.31,24.24,74.5,5.56,70.84,maize
31.17,76.87,20.12,34.81,68.36,7.16,76.16,blackgram
15.8,123.99,197.0,17.07,80.47,6.16,74.79,grapes
37.92,16.88,44.06,20.52,89.81,5.56,100.85,pomegranate
90.6,16.99,53.08,28.66,90.41,6.78,26.16,muskmelon
85.08,22.12,34.31,27.43,57.47,7.18,188.1,coffee
16.6,124.33,198.71,21.22,90.46,6.33,121.7,apple
109.61,85.62,53.83,29.44,84.14,6.58,118.75,banana
69.09,52.59,40.44,26.1,86.11,7.04,191.92,jute
26.73,137.0,202.08,8.9,82.91,6.67,65.09,grapes
20.93,14.57,10.94,22.75,93.81,6.03,118.52,orange
93.66,23.79,50.44,29.02,93.54,6.7,25.16,muskmelon
108.75,20.5,49.32,24.94,84.24,6.52,44.64,watermelon
38.47,17.87,33.17,26.99,91.19,6.8,164.64,coconut
91.05,10.27,46.87,24.73,81.66,6.3,45.69,watermelon
60.52,57.89,19.81,18.58,62.18,6.26,87.89,maize
18.38,134.72,201.25,21.11,90.27,6.17,107.75,apple
21.76,68.61,15.39,15.11,18.71,5.5,128.28,kidneybeans
21.04,66.22,90.21,17.81,24.46,7.78,85.06,chickpea
39.53,66.46,21.77,22.93,69.61,5.73,156.78,pigeonpeas
94.47,15.52,47.07,25.39,89.79,6.65,42.33,watermelon
33.86,123.62,195.18,21.58,90.56,6.04,120.91,apple
31.0,126.46,202.81,38.78,85.89,6.58,69.13,grapes
19.21,74.18,15.39,25.89,68.19,6.91,41.86,lentil
24.71,142.68,196.5,21.6,93.51,6.32,111.18,apple
107.46,12.5,45.86,26.12,83.99,6.55,48.15,watermelon
17.39,72.57,20.57,26.19,64.43,6.06,45.57,lentil
21.79,71.16,24.93,22.29,24.63,6.44,103.56,kidneybeans
104.34,18.62,47.52,24.79,81.47,6.55,49.86,watermelon
65.57,56.87,21.17,21.57,59.12,6.12,61.81,maize
19.8,27.85,30.97,26.07,97.6,6.18,178.15,coconut
121.03,51.33,16.96,25.26,79.47,5.54,95.78,cotton
90.17,20.12,54.6,28.84,93.34,6.04,28.04,muskmelon
35.38,71.15,75.65,20.04,24.02,6.1,73.7,chickpea
69.73,56.0,52.79,34.6,88.65,6.43,209.57,papaya
24.11,57.53,24.46,31.38,68.47,7.02,73.99,blackgram
94.19,34.81,32.39,24.9,53.44,6.76,168.7,coffee
21.08,79.33,15.01,30.61,46.53,4.79,196.18,pigeonpeas
17.58,128.98,203.9,21.76,93.81,6.36,104.34,apple
21.94,19.78,44.92,20.84,85.22,5.52,114.75,pomegranate
99.08,24.9,49.64,28.78,93.07,6.79,24.86,muskmelon
27.58,65.99,96.0,20.71,18.65,7.22,90.48,chickpea
43.07,71.53,89.71,17.54,20.98,7.94,74.58,chickpea
68.63,56.0,49.19,34.47,87.79,6.35,90.35,papaya
28.78,55.18,15.74,17.12,63.63,5.92,44.3,lentil
21.93,134.01,203.54,21.01,91.36,5.5,117.04,apple
16.8,127.32,200.53,21.91,91.31,5.67,101.6,apple
65.74,55.82,49.64,25.27,92.32,6.76,221.9,papaya
93.29,18.24,53.63,28.53,90.86,6.21,26.43,muskmelon
33.64,136.85,195.56,22.9,94.57,5.92,101.15,apple
47.36,64.76,49.85,33.67,92.02,6.59,235.68,papaya
92.53,42.42,42.27,25.27,78.8,6.63,182.62,jute
27.91,41.02,24.97,29.05,54.05,5.67,66.9,mothbeans
15.43,16.38,26.83,26.01,97.38,6.84,145.36,coconut
24.18,11.45,37.23,23.75,86.27,6.72,129.08,pomegranate
28.56,27.62,35.57,23.38,86.76,6.7,120.8,pomegranate
96.3,41.63,38.99,26.74,84.5,5.6,244.49,rice
101.39,21.88,53.11,27.11,92.46,6.09,26.62,muskmelon
23.94,77.74,17.98,22.78,69.34,5.64,41.79,lentil
98.41,15.8,47.09,25.03,85.81,6.67,44.03,watermelon
35.09,67.32,19.77,22.54,20.78,6.26,141.16,kidneybeans
39.02,60.75,18.4,35.72,67.06,5.79,92.83,pigeonpeas
18.89,143.08,199.68,21.51,91.65,6.34,109.82,apple
65.48,40.97,21.88,24.43,55.1,7.11,70.43,maize
86.6,40.84,20.82,26.05,65.31,6.7,103.9,maize
30.31,128.32,198.77,9.7,86.1,5.79,73.35,grapes
32.56,56.56,16.86,23.71,19.5,6.06,119.36,kidneybeans
66.45,47.57,43.56,26.79,84.61,6.39,234.29,rice
91.01,35.41,35.37,26.65,90.0,6.31,281.57,rice
16.99,15.56,28.95,27.22,50.76,5.89,45.2,mango
30.42,19.45,11.11,16.7,94.67,7.46,115.33,orange
28.22,38.26,15.5,29.43,62.44,6.94,41.68,mungbean
30.62,18.49,39.94,18.23,92.3,5.59,127.09,pomegranate
85.33,35.19,42.53,23.55,83.18,6.91,163.27,jute
106.01,20.9,29.75,26.45,51.06,6.82,168.92,coffee
20.18,63.35,17.97,28.67,71.5,6.75,74.89,blackgram
95.39,84.56,48.37,27.81,77.36,6.18,128.6,banana
23.99,62.63,21.43,30.24,74.12,6.78,76.15,blackgram
28.57,21.72,25.23,29.54,93.21,5.68,210.08,coconut
15.22,65.82,20.01,23.11,22.72,6.45,138.35,kidneybeans
120.21,37.6,22.82,23.03,75.54,6.65,80.98,cotton
31.24,73.88,81.48,21.62,23.12,6.91,77.76,chickpea
107.61,15.81,46.37,29.97,94.41,6.01,21.1,muskmelon
99.38,58.48,21.32,23.11,60.39,6.93,73.16,maize
94.5,23.11,47.38,27.04,93.7,6.48,24.68,muskmelon
26.34,15.3,30.17,31.42,45.09,6.62,54.77,mango
18.89,14.7,12.06,19.57,94.99,6.82,108.4,orange
69.2,52.88,43.08,26.86,74.35,7.4,172.22,jute
36.3,46.88,16.7,34.15,73.78,7.12,52.65,mungbean
28.93,66.63,23.71,25.81,57.03,5.85,95.55,pigeonpeas
21.24,56.61,18.71,31.62,86.72,6.3,58.4,mungbean
64.71,47.0,22.61,23.73,64.04,5.86,79.85,maize
99.9,71.85,50.73,25.4,79.7,5.8,95.2,banana
90.66,87.81,52.1,26.55,87.44,6.77,116.17,banana
28.05,39.97,30.32,33.95,46.06,5.79,52.76,mango
86.53,25.48,33.22,27.08,56.3,6.19,178.8,coffee
115.76,97.0,45.87,28.38,77.46,6.36,101.03,banana
102.14,38.52,21.34,24.61,79.77,5.96,79.77,cotton
35.98,73.69,21.57,18.81,21.15,5.66,115.84,kidneybeans
118.91,57.22,18.9,25.27,84.49,6.7,61.29,cotton
33.94,35.96,23.53,32.66,79.87,6.29,55.11,mungbean
44.15,58.18,18.01,30.63,73.24,6.32,75.88,blackgram
94.18,19.82,54.44,25.66,80.73,6.72,40.74,watermelon
26.52,23.54,27.21,35.09,48.53,6.37,52.17,mango
23.11,63.87,23.26,19.17,68.85,5.42,104.41,pigeonpeas
16.33,122.22,200.45,23.04,83.68,6.48,64.21,grapes
15.72,25.16,29.88,27.04,93.53,6.06,221.37,coconut
22.94,66.45,24.51,24.79,22.11,6.36,112.53,kidneybeans
25.05,71.54,17.61,30.99,31.58,5.18,157.88,pigeonpeas
23.75,59.0,81.8,24.87,23.41,7.15,78.51,chickpea
18.15,55.66,20.05,25.51,87.33,6.77,52.95,mungbean
22.41,47.24,20.88,25.35,59.83,4.02,38.47,mothbeans
110.64,82.28,46.74,23.03,82.15,6.19,110.89,banana
25.19,64.82,19.29,15.34,68.59,6.41,51.73,lentil
38.98,10.07,27.94,27.75,90.29,6.36,152.79,coconut
30.08,23.76,35.32,19.6,88.05,6.18,101.48,pomegranate
30.49,19.77,32.76,28.05,99.43,5.95,150.42,coconut
33.74,64.55,76.93,21.36,19.64,6.68,75.52,chickpea
80.91,43.13,43.55,20.08,77.21,5.93,250.95,rice
32.56,74.11,89.04,20.88,14.77,6.56,65.62,chickpea
69.67,79.64,52.79,41.28,88.93,6.14,61.0,papaya
21.04,79.19,20.97,21.12,55.19,6.54,122.54,pigeonpeas
26.03,18.66,25.62,30.93,47.52,5.07,93.26,mango
19.05,47.79,22.35,25.99,47.92,7.52,40.09,mothbeans
138.73,37.81,22.19,26.74,83.3,7.4,81.5,cotton
28.28,17.56,14.95,26.78,94.82,7.12,109.16,orange
135.04,59.85,16.94,23.5,84.2,6.73,73.44,cotton
17.54,27.23,13.47,15.54,90.5,6.23,106.09,orange
23.66,139.98,200.96,21.01,93.63,6.46,107.72,apple
22.01,62.3,19.46,18.24,64.3,6.06,47.19,lentil
30.02,144.6,201.02,29.34,87.48,5.77,74.07,grapes
86.47,59.22,44.52,26.13,86.3,6.77,168.47,jute
21.19,18.14,28.65,25.28,95.65,6.5,155.11,coconut
18.91,75.96,21.78,24.89,65.92,5.13,163.98,pigeonpeas
24.57,139.6,202.86,23.61,89.01,6.71,68.66,grapes
27.45,57.56,16.4,25.68,50.23,8.75,52.76,mothbeans
22.13,47.62,20.33,25.1,70.8,6.88,59.91,mungbean
34.38,62.5,24.2,21.95,24.06,6.01,119.55,kidneybeans
109.47,21.28,50.49,27.7,90.97,6.25,21.3,muskmelon
118.33,19.27,26.89,27.38,57.31,6.44,166.14,coffee
91.62,10.68,51.22,26.85,84.64,6.54,49.05,watermelon
24.45,40.06,17.61,26.71,38.61,9.78,49.0,mothbeans
17.4,60.15,16.87,16.47,69.06,6.41,37.76,lentil
65.84,73.93,52.79,26.97,89.16,6.58,196.29,papaya
20.65,79.09,20.65,22.09,22.6,5.57,147.13,kidneybeans
35.93,76.62,20.51,33.22,63.77,6.52,191.02,pigeonpeas
24.94,143.56,203.62,18.81,89.03,6.29,67.6,grapes
18.28,42.62,23.63,29.64,62.74,6.89,54.71,mungbean
84.3,57.71,43.09,26.93,84.2,6.57,194.03,rice
39.94,73.98,19.3,26.24,55.42,5.73,194.05,pigeonpeas
34.84,132.03,195.11,23.93,90.33,5.69,119.1,apple
80.44,39.66,43.12,23.89,86.59,6.56,172.79,jute
77.96,46.72,40.96,26.01,74.42,7.38,197.45,jute
33.93,120.71,199.91,24.18,89.29,6.7,71.65,grapes
37.65,69.88,21.41,21.61,21.38,5.76,138.96,kidneybeans
96.79,15.01,48.31,29.11,92.53,6.37,26.06,muskmelon
92.09,48.88,38.23,26.21,85.07,5.74,228.1,rice
70.74,58.85,41.33,26.69,85.85,6.93,155.28,jute
37.7,51.05,18.06,30.79,59.57,5.04,55.41,mothbeans
20.01,72.45,17.05,18.15,69.48,5.85,47.81,lentil
56.44,74.25,47.2,35.88,90.22,6.76,132.06,papaya
25.19,71.29,16.97,17.26,22.49,6.17,110.46,kidneybeans
61.88,51.99,24.69,24.58,69.09,6.32,80.15,maize
92.9,49.69,37.94,23.89,89.61,6.72,191.13,jute
91.28,36.98,32.55,23.74,63.87,7.38,174.48,coffee
63.08,50.78,41.26,26.74,77.28,6.52,234.27,rice
32.23,44.58,19.16,31.81,39.15,9.18,60.49,mothbeans
16.81,142.97,204.73,23.45,94.98,5.7,108.38,apple
101.23,24.62,50.77,29.88,92.06,6.46,20.17,muskmelon
64.16,53.31,23.1,25.6,67.63,5.51,77.75,maize
90.86,17.98,54.43,24.43,86.86,6.04,49.97,watermelon
23.75,76.31,18.67,26.9,66.09,6.41,67.11,blackgram
29.97,61.63,89.02,18.33,15.92,6.41,79.42,chickpea
114.5,56.4,19.15,25.35,70.39,7.01,75.54,cotton
99.48,74.83,50.91,27.35,79.99,6.07,99.46,banana
30.4,129.37,197.79,31.08,88.94,6.11,61.21,grapes
50.97,57.21,51.54,30.8,94.26,6.07,116.92,papaya
25.16,11.53,30.48,28.76,94.96,5.79,218.98,coconut
21.31,22.14,26.46,27.48,45.89,6.61,93.86,mango
17.84,11.6,33.98,25.93,91.08,5.56,170.76,coconut
109.67,39.76,30.39,27.13,50.89,6.39,185.88,coffee
28.81,63.7,16.19,22.14,20.19,6.45,123.79,kidneybeans
35.85,43.16,15.87,27.14,84.66,6.88,60.52,mungbean
103.63,86.12,50.36,24.15,87.16,6.45,108.75,banana
29.44,46.86,24.48,27.42,70.87,6.55,51.15,mungbean
18.23,69.16,16.31,17.74,60.41,6.44,38.34,lentil
97.67,43.47,44.97,25.09,87.57,6.11,173.09,jute
53.22,79.33,54.89,40.89,92.6,6.84,111.92,papaya
48.23,77.23,52.34,31.17,89.52,6.57,235.95,papaya
103.96,39.8,31.41,25.87,53.68,6.75,177.95,coffee
107.06,22.29,54.41,26.84,87.86,6.68,42.18,watermelon
32.6,71.85,24.46,23.0,19.69,6.11,98.24,kidneybeans
36.91,37.1,32.39,29.58,46.63,5.47,74.49,mango
37.88,18.99,12.84,28.35,94.16,6.04,101.95,orange
33.69,12.87,11.24,25.44,90.95,6.28,104.1,orange
111.26,42.01,18.4,25.57,78.19,6.79,79.94,cotton
24.17,49.58,15.14,32.78,72.81,7.1,55.93,mungbean
20.26,121.32,204.39,23.52,90.5,5.74,111.76,apple
94.02,54.15,41.43,25.9,70.07,7.04,180.85,jute
16.62,144.46,203.26,22.55,89.35,5.51,62.29,grapes
61.26,51.44,39.92,20.82,81.89,6.3,276.34,rice
40.04,68.56,91.42,18.22,20.53,6.24,94.8,chickpea
17.21,59.92,22.96,32.32,46.13,4.65,118.45,pigeonpeas
19.6,39.15,15.92,33.08,77.63,6.83,61.68,mungbean
32.9,139.71,199.14,21.4,88.5,6.18,64.37,grapes
33.02,19.65,38.15,18.56,92.05,6.22,109.88,pomegranate
30.81,58.03,83.36,21.1,16.34,7.14,60.93,chickpea
28.84,122.1,202.77,9.19,81.73,5.79,69.09,grapes
34.65,29.96,28.1,27.57,91.43,5.88,224.05,coconut
38.12,45.52,17.27,27.94,69.47,6.62,43.61,mungbean
18.14,51.81,17.25,31.04,63.26,9.32,53.9,mothbeans
66.91,61.55,48.97,26.8,86.75,6.61,56.14,papaya
63.42,35.85,20.92,23.24,66.86,7.23,96.53,maize
22.45,70.91,97.66,24.74,20.41,6.59,97.76,chickpea
105.29,90.4,52.19,25.79,79.66,6.25,119.84,banana
33.59,130.01,203.93,22.96,92.54,5.98,119.46,apple
99.18,26.58,32.34,24.76,61.47,6.65,153.12,coffee
26.9,122.12,200.72,21.08,90.85,6.01,108.48,apple
25.37,49.35,17.88,25.17,36.07,3.94,56.53,mothbeans
17.49,52.43,19.32,30.68,84.64,6.86,61.29,mungbean
16.55,45.86,16.55,31.2,81.76,7.11,64.53,mungbean
35.28,11.8,13.14,23.93,94.44,6.61,103.44,orange
22.27,131.7,198.75,23.88,93.27,5.71,111.45,apple
35.6,75.4,95.79,24.72,22.85,6.12,98.66,chickpea
78.13,54.27,24.69,19.36,64.25,6.8,79.55,maize
45.55,65.61,45.62,23.45,93.09,6.91,44.24,papaya
26.21,22.68,39.21,19.08,94.05,6.26,113.87,pomegranate
97.25,93.44,45.91,23.89,85.47,6.37,116.04,banana
26.29,55.98,16.33,31.0,45.46,9.5,38.24,mothbeans
18.0,17.11,42.28,19.15,86.7,6.99,106.45,pomegranate
83.24,23.86,30.17,24.65,54.55,7.15,183.12,coffee
99.38,15.2,47.04,26.45,81.6,6.39,40.43,watermelon
29.83,74.43,15.66,18.96,57.52,7.05,124.64,pigeonpeas
31.67,56.56,21.27,34.81,32.8,7.11,153.46,pigeonpeas
21.29,29.44,14.69,26.72,91.04,6.46,118.32,orange
64.49,63.21,52.09,41.65,88.99,6.6,111.98,papaya
109.84,13.05,52.57,27.41,94.65,6.53,21.58,muskmelon
26.96,58.76,24.78,31.18,46.79,6.99,40.28,mothbeans
32.18,59.63,87.02,22.66,15.39,6.66,68.72,chickpea
15.94,26.76,35.21,19.18,86.39,5.79,115.31,pomegranate
109.43,20.44,29.07,24.01,51.31,6.76,179.93,coffee
107.04,48.43,20.02,25.31,75.04,6.35,65.89,cotton
100.25,21.63,50.54,26.8,89.4,6.72,47.1,watermelon
23.32,11.75,39.57,22.81,91.29,6.52,103.98,pomegranate
35.35,64.2,99.53,19.86,21.73,7.2,77.57,chickpea
105.11,57.74,21.31,23.29,76.76,5.79,77.42,cotton
23.42,130.34,203.5,21.13,91.21,6.21,101.37,apple
61.86,41.97,37.94,25.65,85.89,5.88,254.91,rice
88.0,39.07,40.23,25.54,77.21,7.13,179.8,jute
29.27,39.2,15.91,25.68,84.79,6.76,57.71,mungbean
67.63,41.56,16.77,19.99,68.01,7.36,64.79,maize
33.39,136.66,198.34,21.55,91.02,5.93,120.82,apple
32.94,131.95,197.87,11.56,88.75,6.11,61.6,grapes
29.82,29.97,11.06,21.04,90.51,6.17,101.95,orange
31.21,15.02,31.97,32.07,49.15,4.57,69.39,mango
115.74,40.75,15.38,25.78,78.51,7.11,73.13,cotton
32.47,25.48,31.14,28.71,52.14,5.24,63.9,mango
26.87,51.92,19.77,34.83,63.37,6.9,46.74,mungbean
86.36,38.42,23.77,22.26,63.43,7.02,63.97,maize
27.78,62.57,18.57,22.01,22.76,6.34,127.66,kidneybeans
24.94,137.41,199.26,23.86,92.72,6.12,109.14,apple
118.87,78.1,54.28,23.59,81.94,6.88,110.03,banana
18.52,143.33,197.65,22.08,92.52,6.12,121.74,apple
28.12,56.31,19.93,23.64,60.79,6.15,53.93,lentil
54.29,67.42,53.89,38.23,93.28,6.46,133.54,papaya
21.01,19.39,31.8,28.97,96.22,5.6,162.7,coconut
42.3,75.0,97.66,21.48,21.36,7.38,90.47,chickpea
25.03,21.07,28.41,26.17,97.89,5.67,219.14,coconut
21.23,56.78,17.91,26.17,52.28,6.09,105.76,pigeonpeas
24.84,10.03,13.84,17.01,91.27,6.65,109.6,orange
95.07,20.18,54.02,25.3,87.87,6.78,44.75,watermelon
97.84,55.48,16.54,21.68,55.8,7.06,95.88,maize
15.56,63.16,23.28,24.54,57.1,6.59,162.8,pigeonpeas
39.3,61.46,21.5,28.59,60.49,6.87,66.19,blackgram
109.9,14.44,52.26,28.03,91.46,6.8,20.16,muskmelon
33.88,39.26,31.21,29.86,52.39,5.61,46.25,mango
37.01,64.21,99.3,23.61,21.17,6.29,80.42,chickpea
36.13,63.81,22.98,27.47,63.98,7.32,71.42,blackgram
85.34,56.75,15.06,18.3,66.71,7.11,99.1,maize
17.37,66.73,24.08,31.96,59.26,6.92,147.8,pigeonpeas
23.38,74.23,95.63,20.29,21.07,6.07,61.56,chickpea
31.24,73.13,20.66,36.42,31.03,5.78,132.76,pigeonpeas
36.45,127.75,203.68,32.24,82.08,6.18,67.88,grapes
98.46,70.29,47.89,25.87,87.36,6.63,95.55,banana
39.96,38.87,33.04,28.73,52.92,5.13,75.77,mango
71.42,42.14,42.0,26.04,84.43,6.36,151.65,jute
69.69,57.86,50.22,30.66,88.63,6.84,180.85,papaya
67.84,44.67,37.16,22.3,78.71,6.04,266.67,rice
39.23,39.61,20.64,27.01,40.03,4.2,47.08,mothbeans
17.64,42.01,19.2,28.0,46.07,4.58,46.95,mothbeans
98.6,16.45,49.48,27.39,93.05,6.77,22.01,muskmelon
15.69,25.66,33.42,27.04,95.46,5.89,216.58,coconut
107.5,14.5,46.28,26.83,88.17,6.49,40.37,watermelon
65.6,42.88,15.29,22.49,69.14,7.35,106.35,maize
83.9,42.18,22.08,25.33,72.36,6.77,100.87,maize
20.35,27.01,33.64,25.11,96.19,6.01,158.4,coconut
20.68,18.09,13.95,29.16,92.79,6.28,109.93,orange
22.26,15.23,29.69,36.36,47.43,4.65,92.83,mango
16.98,17.84,28.56,27.98,93.76,7.0,146.44,coconut
17.02,37.46,16.72,28.09,37.05,3.54,56.68,mothbeans
37.24,13.43,36.94,23.49,86.99,6.04,124.33,pomegranate
99.48,41.05,37.71,20.82,86.58,5.93,293.67,rice
56.24,68.24,49.96,38.74,94.26,6.42,78.97,papaya
20.49,67.3,16.16,29.85,60.87,7.45,66.93,blackgram
26.85,58.5,18.94,26.14,60.52,6.64,51.2,mungbean
24.87,137.94,201.6,22.7,93.34,6.23,121.32,apple
115.25,51.14,21.89,25.53,83.6,7.49,81.79,cotton
31.06,20.36,43.85,24.26,87.88,6.69,112.7,pomegranate
17.36,124.36,204.68,22.08,90.23,5.83,108.26,apple
24.79,38.17,15.23,30.5,64.67,8.77,53.89,mothbeans
20.41,15.73,13.81,31.31,91.22,6.25,107.16,orange
25.98,60.62,94.64,23.18,18.18,6.82,66.17,chickpea
89.8,51.55,44.04,24.53,70.6,6.22,154.42,jute
115.27,42.55,17.12,24.3,77.21,7.15,77.09,cotton
102.49,10.57,53.2,27.64,91.64,6.26,24.26,muskmelon
108.13,57.74,16.49,24.99,70.82,7.3,84.52,cotton
32.32,28.48,42.96,19.59,94.21,6.05,110.0,pomegranate
110.6,52.75,19.3,25.48,79.6,6.74,65.74,cotton
30.74,77.46,18.92,16.95,23.16,6.05,109.36,kidneybeans
15.97,76.18,22.93,25.65,56.33,5.51,187.94,pigeonpeas
90.85,53.15,39.09,20.51,77.01,5.67,291.85,rice
39.97,61.71,19.68,28.1,68.32,6.78,166.76,pigeonpeas
72.48,43.87,43.5,25.15,83.87,6.34,168.44,jute
126.7,53.92,24.95,26.53,71.4,7.31,70.75,cotton
15.6,13.93,35.45,18.73,90.3,5.73,104.76,pomegranate
96.84,94.13,45.36,25.16,86.71,6.23,128.66,banana
34.04,22.33,27.52,26.9,98.76,5.59,223.28,coconut
104.97,83.57,53.27,23.14,83.78,6.87,126.12,banana
32.31,61.93,16.85,35.77,49.02,4.59,158.79,pigeonpeas
104.52,10.06,48.96,29.58,93.82,6.03,20.13,muskmelon
22.11,76.18,22.61,17.74,19.08,5.6,132.4,kidneybeans
29.45,10.01,37.45,18.69,86.81,6.61,121.12,pomegranate
87.27,50.54,40.73,24.71,78.94,6.37,182.16,jute
86.11,52.31,15.87,19.18,69.32,6.29,63.38,maize
21.45,67.29,20.04,20.84,63.21,5.74,52.22,lentil
25.28,61.96,22.69,28.39,60.1,4.6,119.92,pigeonpeas
67.39,49.77,40.91,20.64,87.97,6.25,278.55,rice
29.64,38.3,20.78,29.4,45.72,8.97,43.69,mothbeans
92.99,17.04,51.74,24.13,88.83,6.61,40.06,watermelon
81.87,36.02,37.87,26.34,75.85,6.68,221.05,rice
15.03,22.89,39.12,24.31,94.49,5.6,121.26,pomegranate
82.52,30.17,33.41,23.66,67.63,7.25,193.32,coffee
17.65,59.57,17.79,27.18,89.93,6.69,42.5,mungbean
33.45,129.3,201.65,21.07,90.87,5.77,112.54,apple
91.41,35.92,42.41,25.62,77.44,6.05,287.95,rice
97.44,91.42,52.54,28.98,82.79,6.2,110.5,banana
102.59,24.2,46.86,27.81,90.97,6.48,27.17,muskmelon
75.15,42.37,35.77,26.89,78.89,6.7,166.05,jute
32.75,13.65,27.31,28.83,96.09,6.46,211.99,coconut
88.89,59.46,40.7,23.59,80.19,6.12,196.06,jute
18.36,57.63,15.08,23.55,23.58,5.75,98.6,kidneybeans
58.17,59.25,46.85,38.44,91.07,6.65,213.71,papaya
84.79,27.28,31.92,26.62,52.95,6.23,180.39,coffee
64.45,75.15,53.26,39.45,86.99,6.95,145.83,papaya
23.69,32.25,26.28,35.6,53.95,6.18,86.52,mango
40.57,78.59,18.9,32.1,71.5,7.19,78.07,blackgram
137.51,55.64,22.14,24.58,82.23,6.8,98.23,cotton
19.74,71.08,22.93,18.18,60.0,6.62,37.6,lentil
35.67,59.31,16.14,25.95,66.99,6.72,71.93,blackgram
28.65,78.91,92.39,23.8,21.16,6.51,73.62,chickpea
29.41,19.12,14.92,16.52,90.18,6.29,117.41,orange
17.82,136.42,202.07,22.88,94.25,5.6,124.0,apple
35.89,39.47,29.98,29.15,53.9,6.35,44.19,mango
119.34,98.51,54.82,23.87,83.31,6.81,106.53,banana
23.75,62.64,79.95,19.68,15.15,6.75,62.5,chickpea
68.16,44.13,43.95,24.85,71.24,6.44,178.1,jute
33.81,16.68,39.91,22.74,91.81,6.12,117.42,pomegranate
108.21,12.13,49.07,27.23,93.3,6.14,28.02,muskmelon
31.22,39.63,16.74,24.96,45.24,5.95,69.02,mothbeans
27.72,63.08,17.43,32.24,68.29,6.55,72.68,blackgram
39.16,49.95,21.93,28.6,79.23,7.11,53.37,mungbean
101.79,53.66,18.39,24.94,70.46,6.19,83.13,cotton
39.75,59.22,22.83,31.71,73.22,6.88,64.93,blackgram
37.78,13.93,31.79,27.76,92.7,6.88,154.22,coconut
120.88,57.71,21.91,24.16,84.8,5.9,91.58,cotton
82.41,44.53,38.25,26.12,89.86,6.79,173.76,jute
62.49,41.47,44.33,24.25,86.35,6.6,192.5,jute
131.68,51.02,15.87,24.41,71.84,6.15,81.82,cotton
31.73,26.07,39.9,22.32,94.64,6.97,106.81,pomegranate
55.27,77.35,54.85,29.91,87.9,6.94,70.1,papaya
19.67,10.24,25.55,28.28,90.78,6.6,225.34,coconut
124.99,56.29,23.13,25.54,74.74,6.29,85.95,cotton
96.79,10.5,51.71,24.07,88.31,6.36,47.82,watermelon
16.55,44.67,21.95,24.5,37.03,5.94,65.92,mothbeans
105.0,15.53,48.29,26.64,88.4,6.46,42.7,watermelon
23.56,21.63,39.92,23.64,87.52,6.54,102.71,pomegranate
98.44,44.73,23.79,20.91,59.38,6.39,73.74,maize
19.23,25.24,29.28,36.39,45.18,5.9,88.11,mango
42.87,58.31,19.1,31.2,71.12,6.56,63.99,blackgram
20.81,58.11,22.57,23.07,20.96,6.43,94.9,kidneybeans
42.69,73.99,17.59,34.51,74.53,7.05,67.45,blackgram
18.17,39.25,16.96,30.01,48.82,5.82,62.63,mothbeans
66.41,65.3,47.72,28.02,90.79,6.1,65.02,papaya
19.69,77.15,23.45,32.27,52.03,6.15,98.98,pigeonpeas
105.8,22.89,51.47,28.24,93.13,6.37,22.18,muskmelon
31.54,74.02,98.42,22.68,23.82,7.83,82.94,chickpea
25.52,20.76,13.16,24.14,93.08,6.34,118.65,orange
30.35,73.21,96.05,20.17,15.24,6.84,76.07,chickpea
27.98,54.23,22.2,30.26,68.78,6.78,62.81,mungbean
108.63,23.5,48.77,25.4,83.99,6.03,46.44,watermelon
69.05,60.24,50.14,41.61,90.94,6.41,165.03,papaya
17.76,28.47,31.56,29.05,93.09,6.04,166.23,coconut
90.84,20.83,48.23,28.3,93.6,6.52,28.61,muskmelon
70.96,56.84,24.63,18.28,61.32,6.92,90.03,maize
113.54,23.54,28.59,27.56,66.39,6.36,162.1,coffee
16.57,67.1,18.59,19.96,19.77,6.11,120.4,kidneybeans
21.13,11.75,39.96,21.61,90.32,6.07,123.57,pomegranate
72.44,50.16,44.55,25.69,80.26,6.89,230.9,rice
98.01,41.68,44.14,26.89,74.64,6.73,195.2,jute
30.34,36.21,20.2,26.43,37.2,5.35,47.35,mothbeans
36.02,56.05,86.0,18.61,23.58,6.17,64.65,chickpea
77.09,56.64,40.74,25.42,89.33,6.45,169.58,jute
27.66,62.15,75.6,23.2,22.29,6.52,70.81,chickpea
26.59,28.36,25.7,28.3,98.55,5.69,168.76,coconut
38.07,55.74,15.11,28.09,79.49,6.31,50.13,mungbean
39.47,71.94,19.99,22.81,22.23,6.16,118.35,kidneybeans
15.11,61.5,23.93,20.53,23.0,5.75,141.71,kidneybeans
30.35,53.46,17.79,27.11,63.38,6.78,43.39,mungbean
24.93,26.2,37.96,24.34,94.76,6.34,112.95,pomegranate
21.73,26.0,33.3,25.29,100.0,6.01,142.16,coconut
84.03,31.33,27.64,27.51,68.28,6.43,156.65,coffee
98.31,15.52,50.63,25.96,88.55,6.57,47.37,watermelon
38.03,140.62,198.58,22.93,90.26,6.46,108.62,apple
23.41,28.67,36.18,20.94,85.52,5.96,125.93,pomegranate
91.76,38.94,33.71,23.43,61.8,7.33,192.17,coffee
27.51,11.87,36.15,24.58,89.51,6.06,117.63,pomegranate
44.59,78.2,90.9,24.88,20.01,6.84,81.66,chickpea
25.14,77.06,16.55,21.02,67.89,6.83,51.59,lentil
21.75,23.77,12.32,32.82,93.75,6.05,103.51,orange
31.59,20.89,25.76,28.06,49.92,5.16,62.98,mango
54.31,73.51,46.41,27.07,85.17,6.37,89.63,papaya
77.28,44.09,40.7,25.7,89.62,6.71,232.7,rice
20.84,51.1,23.04,30.06,50.62,6.78,47.79,mothbeans
26.35,48.09,20.7,26.96,47.56,3.78,59.94,mothbeans
38.72,26.7,29.18,32.19,52.94,6.32,65.22,mango
31.49,78.08,20.54,25.38,69.71,6.58,74.18,blackgram
23.31,43.87,16.61,28.17,81.04,6.45,58.3,mungbean
21.07,10.25,32.25,25.31,98.19,6.72,149.43,coconut
33.73,28.74,41.81,19.9,92.12,6.26,117.69,pomegranate
95.13,97.22,49.27,26.58,83.47,6.28,123.34,banana
31.91,46.79,22.18,26.06,65.53,7.11,50.39,mungbean
23.44,126.51,202.05,38.99,85.54,6.97,61.93,grapes
132.4,36.68,20.32,26.87,83.87,5.65,95.97,cotton
95.46,10.33,46.5,24.03,80.42,6.74,45.33,watermelon
48.81,78.91,49.12,30.43,94.71,6.43,144.09,papaya
34.24,20.98,43.81,20.47,90.34,6.01,118.18,pomegranate
86.62,26.79,33.42,24.94,61.44,6.9,166.45,coffee
83.06,50.69,20.41,24.36,73.68,6.55,82.36,maize
19.91,58.4,23.31,26.3,42.46,3.95,59.52,mothbeans
27.95,54.95,19.53,32.4,81.31,6.23,59.88,mungbean
117.7,83.71,48.28,25.33,89.67,6.98,98.52,banana
20.28,68.63,87.07,22.57,16.66,6.71,82.78,chickpea
22.01,23.44,10.65,12.91,94.31,7.48,105.16,orange
108.82,18.48,48.3,29.64,92.05,6.7,26.53,muskmelon
38.19,12.2,14.55,11.73,93.0,6.84,101.61,orange
40.64,55.53,15.51,25.53,68.28,6.63,61.45,blackgram
31.07,16.84,36.3,23.78,88.04,6.49,129.27,pomegranate
36.48,73.64,85.47,20.77,20.68,6.64,68.02,chickpea
29.08,70.85,15.39,25.68,69.12,6.57,40.14,lentil
19.87,59.42,15.55,25.73,87.92,6.34,49.46,mungbean
18.01,46.05,18.55,25.46,60.32,4.4,58.61,mothbeans
100.18,55.75,20.01,23.81,75.59,6.31,72.57,cotton
19.23,16.97,32.48,25.44,90.26,6.06,143.36,coconut
22.99,124.84,200.21,35.15,88.03,6.49,72.78,grapes
33.39,28.75,35.38,22.53,94.8,6.94,110.07,pomegranate
111.39,35.43,31.44,23.41,67.54,6.95,178.56,coffee
16.81,20.08,36.5,23.88,92.78,6.88,104.69,pomegranate
29.16,70.7,22.49,25.03,65.66,5.6,47.16,lentil
35.04,21.61,32.74,28.96,54.95,6.2,46.81,mango
84.97,40.75,21.97,25.02,58.4,7.41,93.25,maize
86.72,52.64,21.83,24.17,59.94,6.71,76.65,maize
36.16,19.18,25.75,30.76,53.85,4.64,63.36,mango
27.89,67.45,24.0,17.53,63.64,5.67,43.09,lentil
107.57,21.5,52.65,25.15,86.27,6.72,41.07,watermelon
118.93,25.73,34.03,26.58,64.54,6.12,198.07,coffee
19.75,60.38,20.87,25.68,60.23,6.57,37.26,lentil
35.34,37.45,20.85,29.17,46.75,7.32,59.25,mothbeans
80.09,49.16,24.91,20.46,68.17,7.39,91.19,maize
20.96,68.86,99.08,23.55,22.51,7.64,93.1,chickpea
29.57,139.79,204.96,22.26,90.01,5.67,105.78,apple
16.34,59.84,16.26,15.22,61.84,5.89,49.16,lentil
15.29,28.45,41.92,23.82,90.85,5.93,122.4,pomegranate
26.5,59.12,87.41,24.25,20.58,6.72,61.58,chickpea
34.16,50.64,18.58,25.86,64.87,6.15,55.39,mothbeans
30.34,71.95,22.93,19.17,20.33,6.04,61.63,kidneybeans
31.85,32.09,27.74,34.81,51.36,6.85,48.07,mango
114.99,20.75,33.79,25.21,56.6,7.12,198.14,coffee
107.4,21.7,52.49,27.08,90.2,6.6,26.65,muskmelon
95.85,49.2,19.95,22.42,65.3,6.43,93.09,maize
16.79,58.01,22.29,20.14,18.11,5.86,93.53,kidneybeans
92.1,32.71,28.54,26.32,59.9,6.26,182.39,coffee
26.06,14.74,13.98,21.25,94.49,6.32,112.55,orange
30.28,65.09,20.93,32.83,74.83,6.28,71.45,blackgram
96.6,95.42,53.06,25.4,79.12,6.83,126.64,banana
76.86,58.61,17.67,18.1,68.13,6.26,68.77,maize
98.11,47.91,40.06,24.97,85.07,6.21,187.32,jute
68.39,73.71,53.89,40.82,87.85,6.26,137.83,papaya
29.38,124.39,200.85,22.39,94.85,5.61,110.77,apple
93.21,29.46,31.22,23.48,64.33,6.94,178.81,coffee
104.3,20.22,53.55,29.01,93.82,6.4,21.87,muskmelon
39.78,65.47,19.97,25.38,72.62,6.84,75.8,blackgram
29.99,74.22,18.46,23.31,66.62,5.89,52.43,lentil
36.48,27.92,13.71,30.55,90.32,6.21,117.97,orange
32.37,65.58,24.7,29.31,32.74,5.69,94.95,pigeonpeas
37.01,57.67,16.36,30.26,64.02,6.22,63.04,blackgram
24.3,122.97,195.89,36.39,82.97,6.93,61.77,grapes
26.93,58.22,19.84,24.0,64.93,7.15,45.0,lentil
102.96,42.81,17.94,23.35,84.88,6.76,74.51,cotton
108.38,32.93,31.8,27.38,64.98,6.15,199.45,coffee
136.2,40.85,22.34,26.22,78.14,7.05,77.65,cotton
81.63,51.54,40.1,25.19,77.59,7.06,178.06,jute
39.48,29.87,31.15,27.46,96.16,6.7,223.97,coconut
95.7,51.14,44.4,26.79,77.88,5.69,249.67,rice
102.57,21.62,49.27,28.65,90.32,6.44,29.48,muskmelon
23.03,65.8,85.25,17.52,15.22,7.43,81.67,chickpea
138.59,43.45,22.19,22.05,74.27,6.81,79.73,cotton
17.49,57.11,17.58,33.58,74.07,6.3,41.77,mungbean
60.49,46.33,35.85,25.88,82.18,7.38,194.77,jute
68.55,57.25,42.31,25.1,82.68,7.48,168.12,jute
39.25,51.62,22.33,31.87,69.35,6.37,64.91,mungbean
106.37,56.32,23.05,23.92,80.11,6.51,63.19,cotton
27.8,139.76,204.27,20.26,88.96,6.31,73.87,grapes
23.03,131.37,202.86,21.56,93.58,6.46,115.67,apple
20.27,78.92,20.3,20.07,24.34,6.17,105.01,kidneybeans
24.78,131.28,203.93,17.3,85.25,5.52,65.53,grapes
24.73,70.6,17.81,30.52,45.81,7.47,91.42,pigeonpeas
23.78,35.72,34.54,34.83,45.2,4.58,77.06,mango
23.63,139.04,196.14,21.03,90.52,6.23,107.96,apple
36.6,37.73,29.07,31.51,50.37,5.17,82.65,mango
20.04,137.64,199.56,18.53,81.88,6.65,69.14,grapes
91.99,50.65,22.44,18.09,69.73,5.7,91.18,maize
28.99,74.16,17.47,24.25,64.87,5.86,42.02,lentil
33.22,133.97,203.71,22.28,92.69,6.27,124.7,apple
60.52,37.07,22.86,24.82,59.94,7.44,77.67,maize
22.53,70.32,84.6,24.27,14.46,6.62,93.35,chickpea
19.18,64.29,15.3,28.98,51.86,4.55,199.51,pigeonpeas
20.53,144.4,202.12,32.78,86.3,6.59,69.67,grapes
94.79,11.86,53.86,27.82,93.88,6.3,23.36,muskmelon
90.52,12.51,51.42,25.99,87.58,6.48,43.72,watermelon
44.87,71.41,98.33,23.96,18.92,6.26,75.58,chickpea
19.19,27.77,11.59,24.0,92.73,6.59,119.17,orange
20.65,62.39,81.75,20.7,17.07,6.44,75.37,chickpea
32.31,62.45,16.47,18.32,22.71,5.77,97.42,kidneybeans
16.69,66.51,17.5,18.39,68.53,6.85,37.19,lentil
87.47,42.87,35.91,23.95,86.2,6.52,169.71,jute
98.63,20.77,50.29,27.98,90.45,6.49,27.39,muskmelon
19.75,50.79,23.8,29.83,54.46,6.72,63.8,mothbeans
20.2,32.9,33.91,29.98,51.25,7.0,30.07,mango
97.27,13.46,48.58,28.88,94.95,6.42,28.42,muskmelon
21.89,60.67,16.99,16.09,64.56,5.93,45.73,lentil
32.74,58.04,79.61,17.84,17.08,7.64,70.37,chickpea
23.26,67.08,16.52,22.41,63.55,6.35,53.61,lentil
39.45,58.22,19.87,25.97,71.14,7.37,73.86,blackgram
26.14,12.67,13.95,12.31,94.48,7.45,117.47,orange
87.29,54.73,43.49,26.59,77.0,6.91,174.21,jute
26.23,55.42,17.22,22.14,22.37,5.75,88.9,kidneybeans
35.0,17.88,12.84,12.95,90.1,6.09,119.0,orange
108.72,14.09,54.77,28.84,94.79,6.47,26.8,muskmelon
35.82,25.61,10.43,16.1,90.92,7.27,117.53,orange
60.79,56.82,23.62,24.94,67.46,6.59,71.33,maize
81.71,51.5,44.76,23.85,80.37,5.73,289.01,rice
20.38,140.93,199.35,23.82,92.61,6.43,118.12,apple
103.41,14.65,45.25,26.23,80.53,6.26,46.23,watermelon
27.56,38.34,22.62,34.75,86.04,7.01,54.9,mungbean
18.24,22.45,27.15,28.9,51.38,4.89,74.4,mango
48.31,59.24,54.41,26.82,89.86,6.5,202.93,papaya
84.02,42.41,15.67,18.72,64.09,7.4,79.03,maize
101.77,20.18,46.89,29.42,92.1,6.39,26.83,muskmelon
19.71,27.01,13.97,12.96,92.96,6.03,107.05,orange
32.39,35.76,27.91,34.72,49.62,6.98,69.95,mango
90.51,20.69,52.62,24.02,84.21,6.06,47.27,watermelon
74.23,35.54,41.36,24.55,80.02,6.12,199.49,jute
42.31,78.4,16.42,29.52,74.11,7.26,77.18,blackgram
94.25,72.1,51.06,27.97,84.65,6.93,102.0,banana
24.2,22.27,31.37,28.6,47.65,6.02,92.66,mango
33.45,74.19,20.47,16.52,22.35,5.7,90.35,kidneybeans
62.98,63.84,49.07,23.73,93.37,6.12,209.54,papaya
100.58,21.06,30.79,27.22,62.59,6.13,186.81,coffee
36.16,29.57,28.48,29.63,51.96,4.87,93.65,mango
24.87,66.51,85.74,22.08,17.1,6.74,85.05,chickpea
27.21,64.3,19.43,35.74,32.02,6.81,138.73,pigeonpeas
103.51,14.32,52.18,24.73,82.94,6.19,42.09,watermelon
33.52,52.52,21.15,25.89,71.55,6.49,56.57,mungbean
64.32,56.23,35.98,20.83,78.87,6.22,220.22,rice
30.76,144.41,196.53,22.8,89.09,6.68,60.09,grapes
34.27,16.89,31.47,36.83,52.46,6.66,61.03,mango
25.94,57.13,19.68,28.53,64.37,6.88,55.67,mungbean
26.61,63.01,23.78,20.8,67.22,6.35,36.69,lentil
21.63,38.11,26.87,32.6,48.65,4.56,42.39,mango
16.01,65.99,25.0,20.22,46.13,4.67,90.12,pigeonpeas
17.46,27.94,30.93,35.17,51.15,4.6,48.21,mango
32.15,79.06,22.87,31.07,68.73,6.74,62.33,blackgram
100.01,51.99,21.04,23.3,81.85,6.95,74.97,cotton
16.42,40.51,19.18,29.96,52.88,5.92,44.28,mothbeans
101.17,44.42,17.0,23.87,76.48,7.43,90.5,cotton
95.71,46.86,23.79,18.65,61.5,6.3,94.5,maize
48.89,78.78,48.29,39.83,93.96,6.14,97.2,papaya
101.54,18.4,47.28,24.34,84.15,6.4,47.29,watermelon
37.7,11.15,30.66,29.37,91.77,5.67,143.52,coconut
41.98,69.32,24.7,32.78,63.93,6.4,74.93,blackgram
34.1,130.5,200.53,23.84,90.33,5.65,108.9,apple
37.21,18.58,10.9,13.05,90.92,6.51,109.45,orange
121.02,54.46,15.46,23.73,73.37,6.25,89.58,cotton
103.5,72.01,46.44,23.96,82.71,5.66,127.64,banana
37.45,56.68,16.52,35.27,37.27,5.13,145.03,pigeonpeas
45.32,75.0,54.82,33.85,93.68,6.47,76.0,papaya
97.58,84.11,50.04,25.11,87.96,6.2,120.23,banana
20.67,137.73,204.08,33.5,80.14,5.76,72.89,grapes
16.18,23.92,32.34,28.99,98.09,6.45,201.88,coconut
28.53,59.56,22.99,25.77,35.32,9.61,39.08,mothbeans
108.45,26.68,25.19,26.13,67.94,6.62,197.83,coffee
26.89,78.58,18.51,19.92,62.85,6.46,43.07,lentil
70.83,52.37,17.24,20.07,66.57,6.98,109.56,maize
94.43,16.24,49.37,28.82,93.0,6.46,27.21,muskmelon
34.15,77.0,23.44,22.66,21.03,6.42,105.7,kidneybeans
26.52,21.81,14.4,23.27,91.33,7.06,116.34,orange
35.13,49.14,16.84,27.73,64.0,6.88,58.03,mungbean
16.66,56.21,18.95,19.93,60.54,6.88,45.12,lentil
96.21,96.92,53.08,24.81,75.57,5.97,117.33,banana
77.56,39.17,40.71,25.67,82.48,6.44,186.11,jute
74.65,42.52,40.18,26.14,87.21,6.23,240.33,rice
61.08,58.76,17.66,26.71,60.54,7.1,64.28,maize
92.24,13.25,45.8,28.36,90.26,6.27,28.53,muskmelon
52.45,56.24,48.69,39.12,86.23,6.99,79.15,papaya
39.63,65.04,76.57,17.1,24.01,7.69,68.13,chickpea
112.79,54.97,24.03,22.08,72.54,6.04,98.94,cotton
84.19,29.88,31.55,26.58,62.17,6.15,155.26,coffee
18.23,22.9,10.28,25.71,93.26,6.97,117.03,orange
15.0,64.95,20.77,23.57,22.91,6.18,130.38,kidneybeans
80.62,19.42,30.74,26.34,65.11,7.09,168.71,coffee
99.71,15.72,51.06,24.7,82.24,6.7,45.03,watermelon
40.13,63.47,19.01,30.38,66.46,6.12,73.54,blackgram
33.91,54.09,20.53,31.27,41.13,5.75,41.68,mothbeans
118.39,59.4,18.82,23.26,83.2,5.79,92.32,cotton
25.38,60.34,78.97,18.62,14.53,7.83,98.56,chickpea
38.44,76.92,89.13,18.39,18.23,6.33,95.34,chickpea
36.61,62.56,15.25,20.26,52.92,6.71,170.18,pigeonpeas
21.01,130.81,200.42,26.91,87.42,6.41,69.33,grapes
37.33,28.67,13.82,17.5,90.35,7.01,113.46,orange
59.46,59.88,54.86,25.64,89.47,6.77,69.41,papaya
61.83,66.13,48.81,40.76,91.83,6.21,157.4,papaya
20.48,56.08,93.2,23.86,17.31,7.36,75.81,chickpea
44.92,59.94,84.06,22.25,23.44,6.0,67.78,chickpea
24.91,45.27,20.55,27.07,45.12,5.98,37.86,mothbeans
39.76,29.37,11.13,25.66,92.15,6.61,101.55,orange
32.54,54.61,24.07,28.6,47.57,8.6,45.8,mothbeans
86.81,36.76,42.46,25.33,85.62,7.17,163.56,jute
36.85,14.99,10.07,29.53,91.38,7.06,116.57,orange
15.21,28.72,37.3,19.84,93.01,6.46,123.14,pomegranate
20.1,143.38,198.11,23.9,92.82,5.67,121.15,apple
99.4,23.72,53.77,28.79,91.65,6.66,27.93,muskmelon
22.77,31.58,25.51,32.32,48.64,6.69,66.87,mango
47.19,57.59,46.91,33.54,88.84,6.24,229.7,papaya
34.09,13.37,28.11,26.61,91.18,6.73,217.53,coconut
18.57,77.74,22.71,17.84,69.38,6.81,39.5,lentil
17.36,18.49,14.14,31.02,91.66,7.46,103.13,orange
110.98,25.77,30.75,27.99,54.17,7.31,184.33,coffee
33.02,127.88,199.17,20.59,89.02,6.22,70.5,grapes
108.93,21.92,52.1,24.42,86.22,6.35,45.71,watermelon
68.49,43.44,38.17,24.78,77.82,5.62,242.77,rice
30.47,60.84,15.63,30.49,70.4,7.2,70.49,blackgram
16.38,16.23,43.55,24.04,85.31,6.53,100.54,pomegranate
23.58,46.42,22.72,31.1,73.47,6.37,48.0,mungbean
122.95,41.09,17.26,26.79,72.35,6.99,63.36,cotton
37.52,76.31,15.94,23.16,31.68,5.98,156.1,pigeonpeas
38.23,65.11,22.18,18.93,19.85,5.91,78.31,kidneybeans
113.26,74.09,50.37,29.82,79.83,5.66,118.13,banana
26.03,76.02,78.38,24.15,23.37,7.75,88.89,chickpea
54.88,77.43,46.26,40.51,88.63,6.54,238.98,papaya
21.8,55.09,15.79,22.52,60.44,6.31,52.01,lentil
21.97,67.84,15.53,26.43,60.72,6.83,61.78,blackgram
21.5,70.39,24.33,23.53,62.08,6.23,42.1,lentil
31.88,10.62,43.57,18.99,85.15,5.72,106.03,pomegranate
36.15,60.39,24.81,15.0,22.8,6.08,97.73,kidneybeans
100.21,49.88,16.02,25.18,72.37,5.87,72.66,cotton
21.97,124.32,200.28,21.97,90.53,6.43,121.58,apple
28.27,78.76,21.26,28.89,65.28,7.35,77.3,blackgram
27.08,75.05,24.84,17.63,63.86,7.45,41.54,lentil
23.0,28.06,43.21,22.19,91.83,6.5,101.95,pomegranate
33.33,57.24,23.02,27.15,73.35,7.17,74.51,blackgram
117.38,49.1,20.03,25.64,79.2,5.93,76.67,cotton
20.64,43.58,23.67,31.44,61.47,6.51,52.2,mungbean
32.65,74.37,92.69,20.67,17.34,6.59,78.34,chickpea
16.96,66.88,16.2,20.71,69.78,6.59,49.03,lentil
114.46,55.92,15.76,23.17,84.07,7.32,69.75,cotton
20.35,59.46,21.28,25.73,60.83,6.62,76.36,blackgram
31.01,67.98,22.72,16.67,24.78,5.69,65.99,kidneybeans
86.06,54.21,21.33,18.47,55.83,6.63,105.97,maize
21.78,64.79,80.63,20.6,20.98,7.29,87.51,chickpea
107.89,95.87,46.04,26.96,89.14,6.72,126.16,banana
135.36,42.03,24.68,22.93,82.7,6.15,88.7,cotton
84.04,35.17,44.64,21.37,89.26,6.26,204.2,rice
109.86,24.69,49.53,27.69,92.09,6.22,24.04,muskmelon
69.67,63.72,49.51,38.79,85.71,6.51,190.57,papaya
43.99,69.76,98.92,20.52,23.82,7.8,65.23,chickpea
90.2,18.41,49.49,29.01,91.05,6.23,22.26,muskmelon
30.4,79.62,78.34,23.35,14.14,7.88,84.83,chickpea
32.07,61.64,15.95,20.09,24.76,5.85,66.18,kidneybeans
92.76,13.07,53.74,25.29,83.89,6.67,48.65,watermelon
69.97,41.1,41.16,22.62,78.6,6.98,290.38,rice
109.06,24.79,47.75,24.6,89.99,6.11,42.93,watermelon
86.54,50.08,15.89,18.22,58.19,5.69,71.84,maize
28.59,78.29,18.77,20.78,60.47,6.25,48.57,lentil
93.88,11.16,51.5,27.12,94.94,6.17,20.54,muskmelon
114.19,22.78,30.34,24.36,53.63,6.99,158.45,coffee
32.13,61.63,23.67,34.45,67.92,7.38,64.61,blackgram
32.61,141.51,196.07,35.4,84.09,6.91,65.45,grapes
32.72,10.67,14.36,19.8,91.0,7.34,109.77,orange
22.24,14.37,29.01,28.27,99.83,6.46,220.17,coconut
36.18,134.26,201.94,38.7,83.54,5.79,72.5,grapes
94.86,53.06,41.42,26.95,82.11,6.89,230.27,rice
33.66,21.86,39.32,20.36,91.93,5.95,105.68,pomegranate
33.43,53.79,19.33,29.45,78.78,6.82,40.42,mungbean
45.79,66.78,49.09,35.19,94.31,6.05,227.82,papaya
105.13,11.4,46.24,28.45,90.48,6.62,22.55,muskmelon
86.68,59.18,43.29,23.36,72.29,6.55,182.07,jute
101.84,23.12,49.01,24.51,80.81,6.2,44.96,watermelon
94.05,20.85,32.55,27.23,61.21,7.19,150.49,coffee
22.19,60.15,18.37,29.09,67.26,6.84,67.03,blackgram
23.75,19.72,34.46,33.98,50.17,6.77,98.94,mango
18.79,51.14,15.91,30.42,55.27,4.76,43.67,mothbeans
96.25,50.2,39.58,25.27,77.7,6.8,182.05,jute
20.24,14.47,41.06,22.69,91.1,6.52,126.01,pomegranate
27.25,120.71,202.13,23.73,91.12,5.55,122.53,apple
23.43,73.15,93.24,24.87,17.3,6.02,81.72,chickpea
34.48,59.39,22.16,33.36,63.4,6.53,186.01,pigeonpeas
25.85,59.9,24.5,22.05,24.4,5.58,116.92,kidneybeans
32.86,23.79,44.41,22.1,87.34,6.6,119.33,pomegranate
86.5,55.88,35.36,26.27,82.03,6.84,248.39,rice
35.36,75.37,15.56,34.67,67.68,6.55,73.71,blackgram
23.4,15.2,26.89,28.99,47.69,4.72,90.04,mango
90.05,19.14,45.9,24.51,85.98,6.73,48.58,watermelon
33.92,69.52,22.25,29.3,30.26,4.74,168.34,pigeonpeas
85.5,51.59,41.12,25.27,81.56,5.92,291.07,rice
28.51,36.92,17.69,24.43,35.21,5.52,36.62,mothbeans
138.59,58.3,15.36,26.03,72.33,7.5,98.77,cotton
20.85,124.77,198.44,41.02,82.85,5.65,64.12,grapes
102.78,21.94,29.63,26.55,63.2,6.96,186.61,coffee
35.52,137.46,199.5,21.18,91.14,6.0,116.48,apple
118.16,73.18,49.54,27.83,76.19,6.55,109.08,banana
22.95,59.48,21.03,33.12,68.04,6.3,50.43,mungbean
32.47,22.73,34.42,28.31,94.63,6.21,190.73,coconut
40.69,74.41,79.65,24.32,21.74,7.5,99.75,chickpea
97.81,24.29,46.42,26.5,81.74,6.22,42.8,watermelon
15.97,63.57,15.35,33.7,40.05,6.98,181.47,pigeonpeas
17.34,19.83,11.1,13.87,90.17,6.32,116.24,orange
132.36,46.97,16.87,26.37,73.59,6.47,68.73,cotton
35.37,71.48,18.67,22.69,56.47,5.31,126.52,pigeonpeas
21.97,64.0,24.58,24.41,23.83,6.11,75.45,kidneybeans
102.53,51.14,19.15,24.98,71.37,6.2,98.22,cotton
109.31,20.35,47.78,28.1,92.14,6.52,21.92,muskmelon
31.5,73.7,93.39,24.02,20.16,7.4,71.54,chickpea
34.16,38.79,19.5,33.45,87.86,6.86,49.04,mungbean
67.95,57.43,35.78,25.33,87.78,6.85,250.35,rice
18.47,34.43,26.07,34.45,52.68,5.48,40.65,mango
26.73,25.46,14.98,16.12,94.1,6.52,108.63,orange
74.27,56.93,41.37,23.46,85.08,5.86,221.48,rice
16.81,77.26,19.37,17.24,19.94,5.94,135.25,kidneybeans
93.72,16.34,28.23,26.04,65.37,6.08,168.48,coffee
35.93,55.88,76.31,19.51,18.88,6.86,98.24,chickpea
27.83,127.91,197.37,40.41,88.44,6.15,72.52,grapes
30.67,121.14,199.18,27.13,84.46,6.69,61.92,grapes
24.21,62.16,21.73,35.18,62.59,7.0,159.45,pigeonpeas
26.15,133.57,203.64,22.65,90.56,6.08,111.15,apple
20.57,133.64,199.35,20.54,83.22,6.38,67.59,grapes
80.92,19.16,26.49,25.9,63.43,6.7,190.29,coffee
20.87,10.19,14.89,10.83,92.66,7.2,105.92,orange
23.45,36.93,23.97,29.3,58.34,7.95,43.11,mothbeans
56.41,79.83,54.95,24.05,90.19,6.15,87.36,papaya
66.95,71.38,51.59,31.1,89.06,6.74,222.46,papaya
25.59,22.07,31.11,28.22,95.44,5.88,224.06,coconut
95.3,45.63,35.85,26.59,76.48,7.16,159.26,jute
99.28,85.41,50.59,26.3,84.4,6.07,109.39,banana
39.52,69.56,89.96,18.64,21.38,6.99,99.36,chickpea
91.26,16.8,47.89,27.04,93.95,6.0,27.79,muskmelon
60.9,50.4,23.18,22.66,64.49,6.01,97.76,maize
17.12,35.86,15.22,25.52,83.85,6.55,57.98,mungbean
85.76,41.8,17.24,19.92,63.77,7.26,66.42,maize
36.45,79.33,19.87,29.33,66.66,5.58,164.76,pigeonpeas
29.92,67.2,18.8,19.96,43.83,6.88,183.63,pigeonpeas
27.98,129.95,204.76,25.44,85.25,6.8,71.3,grapes
25.28,133.64,195.84,23.07,90.11,6.17,115.53,apple
18.57,76.26,16.66,17.82,20.83,6.24,78.56,kidneybeans
105.67,36.22,34.64,25.07,63.2,6.22,185.44,coffee
29.15,58.24,17.04,35.7,62.98,5.28,91.79,pigeonpeas
21.05,32.38,29.95,33.88,51.86,4.7,63.97,mango
51.01,79.28,53.52,36.15,87.39,6.34,226.96,papaya
135.82,50.04,22.92,25.98,81.81,6.08,96.88,cotton
37.6,24.96,39.65,21.28,86.06,6.07,113.24,pomegranate
16.94,58.42,24.61,24.73,24.61,6.4,102.68,kidneybeans
90.54,36.63,23.72,19.28,67.34,5.99,109.62,maize
28.19,75.56,16.25,35.83,46.01,5.37,99.36,pigeonpeas
29.88,52.11,19.3,29.94,64.76,9.16,33.53,mothbeans
36.09,13.39,11.23,11.78,92.14,6.49,119.39,orange
15.48,78.79,15.1,25.24,30.95,5.47,172.88,pigeonpeas
29.42,60.27,17.08,33.79,39.26,4.98,168.62,pigeonpeas
39.01,58.29,85.92,19.22,17.27,7.19,79.02,chickpea
17.7,55.24,19.1,25.85,58.27,8.76,31.98,mothbeans
122.22,48.92,22.79,26.42,75.92,5.5,97.22,cotton
61.34,55.53,52.61,25.17,91.3,6.74,48.67,papaya
32.85,62.33,15.29,24.33,22.73,6.29,101.78,kidneybeans
73.01,38.44,35.85,25.27,76.94,6.36,256.94,rice
29.98,76.49,23.48,24.24,45.72,5.26,124.68,pigeonpeas
20.8,71.85,21.15,30.48,51.61,5.39,163.16,pigeonpeas
81.67,35.61,20.07,21.16,71.11,6.11,101.3,maize
29.88,70.17,16.43,36.39,34.65,6.13,127.55,pigeonpeas
23.8,79.5,77.22,23.05,16.86,7.01,84.12,chickpea
17.67,36.43,20.38,30.06,61.65,6.47,49.03,mungbean
95.44,96.32,47.84,23.31,76.0,6.42,115.41,banana
103.65,38.94,28.68,27.22,63.64,7.29,152.77,coffee
30.02,52.53,17.88,25.61,61.98,6.65,60.4,mungbean
27.85,17.64,32.09,28.72,93.79,6.09,159.91,coconut
25.45,32.17,28.22,31.84,54.25,5.56,56.15,mango
31.01,26.16,33.62,29.27,97.84,6.22,204.97,coconut
62.54,57.46,37.8,22.59,75.22,6.5,252.81,rice
48.71,63.06,52.21,33.49,94.65,6.74,152.28,papaya
33.96,144.6,203.13,21.6,93.05,6.24,104.63,apple
84.47,59.06,41.15,20.83,85.47,5.78,235.52,rice
28.92,124.3,197.53,33.83,89.58,6.93,72.56,grapes
19.78,13.12,33.43,28.61,92.65,6.88,144.09,coconut
34.5,121.05,196.94,22.68,86.54,6.37,74.54,grapes
20.17,74.53,19.13,16.53,65.09,6.54,47.08,lentil
36.2,59.02,18.72,32.14,73.1,6.28,77.89,blackgram
32.77,23.38,33.89,29.8,94.28,6.11,147.61,coconut
21.26,28.41,13.93,26.5,94.85,6.52,109.79,orange
39.42,57.64,19.07,33.68,64.94,6.04,77.97,blackgram
118.84,82.17,45.6,26.06,76.26,6.18,100.92,banana
97.92,29.18,28.81,24.35,56.19,6.45,160.9,coffee
105.79,15.88,48.02,29.35,92.33,6.24,22.16,muskmelon
38.56,16.11,28.4,31.51,52.9,4.73,73.35,mango
101.42,50.21,23.08,24.15,82.54,7.19,67.08,cotton
36.07,79.07,15.36,22.04,18.06,6.22,113.74,kidneybeans
39.39,13.07,14.73,14.21,90.75,7.16,101.88,orange
74.34,57.18,36.56,24.94,86.33,6.95,263.6,rice
86.27,20.21,26.67,27.25,69.67,6.07,194.16,coffee
28.46,67.16,22.88,28.76,74.21,6.84,66.64,blackgram
69.58,77.87,54.36,41.65,89.18,6.89,49.08,papaya
19.5,135.28,200.18,22.91,90.91,5.94,106.18,apple
133.64,59.93,17.59,24.82,76.14,7.24,81.97,cotton
31.46,66.81,15.5,16.28,20.0,5.87,78.39,kidneybeans
104.8,17.06,53.37,24.49,89.86,6.63,42.61,watermelon
101.82,15.57,46.71,26.28,85.58,6.76,44.93,watermelon
19.43,42.02,20.65,31.09,44.61,9.37,45.19,mothbeans
96.5,23.86,53.35,26.9,88.81,6.17,44.35,watermelon
36.8,58.72,22.5,29.42,60.73,5.69,61.07,mothbeans
17.44,15.37,25.22,28.3,97.08,6.9,155.54,coconut
32.03,78.43,77.02,19.53,19.16,7.34,68.05,chickpea
70.32,35.53,17.87,18.71,72.37,6.58,95.44,maize
31.72,123.4,195.39,23.86,91.91,6.17,118.33,apple
98.05,32.51,26.83,27.75,51.04,6.31,183.07,coffee
37.07,18.58,40.37,19.72,86.03,5.6,128.78,pomegranate
37.94,73.97,19.89,30.69,73.33,7.5,68.21,blackgram
98.85,85.39,45.68,25.74,78.69,5.55,128.39,banana
90.44,15.97,54.79,28.39,94.85,6.67,27.93,muskmelon
17.94,29.79,28.22,27.08,93.01,5.65,169.25,coconut
92.74,90.62,49.04,29.53,83.88,6.1,112.54,banana
70.72,49.91,23.37,25.74,56.47,6.94,77.38,maize
22.74,38.73,30.45,28.58,48.45,5.22,61.53,mango
21.6,78.03,17.79,21.53,46.31,6.25,172.18,pigeonpeas
35.56,55.88,16.56,34.33,68.43,7.07,77.17,blackgram
37.38,63.46,85.53,20.61,23.51,6.79,73.62,chickpea
29.89,69.45,16.57,25.58,69.47,6.91,47.28,lentil
93.51,94.09,52.07,26.47,84.57,6.35,107.43,banana
114.11,76.65,47.37,23.51,88.94,6.09,118.66,banana
31.87,68.45,20.25,26.7,37.25,6.57,198.61,pigeonpeas
16.3,63.51,15.83,17.3,65.44,6.59,45.25,lentil
32.63,63.21,23.85,19.61,30.66,4.81,159.56,pigeonpeas
107.15,87.58,49.34,24.0,80.48,5.91,109.17,banana
96.62,21.98,30.45,25.6,56.38,7.39,171.67,coffee
17.08,23.64,10.95,26.39,94.91,6.42,119.91,orange
30.05,58.65,20.51,25.1,60.84,5.42,32.74,mothbeans
34.7,35.38,28.75,31.99,45.15,5.37,49.19,mango
26.15,73.84,16.02,30.5,60.59,6.2,74.57,blackgram
21.9,60.71,17.51,20.62,18.11,6.25,106.62,kidneybeans
25.44,21.08,44.44,22.37,89.81,5.86,105.36,pomegranate
104.06,99.79,47.52,23.2,79.12,6.23,97.25,banana
37.82,22.02,14.22,33.18,91.23,6.94,114.25,orange
130.01,49.61,22.9,24.07,83.09,6.29,87.28,cotton
33.05,120.06,201.58,21.13,91.1,5.82,122.93,apple
23.27,77.97,82.47,19.3,21.99,6.23,83.22,chickpea
35.93,58.15,17.82,33.98,36.52,6.52,166.28,pigeonpeas
103.1,96.21,52.44,27.55,86.72,5.88,120.5,banana
32.91,19.72,25.51,35.47,52.77,4.51,58.69,mango
19.07,37.01,28.43,29.72,47.45,6.39,60.95,mango
28.76,130.44,197.92,22.63,92.84,6.14,113.02,apple
30.62,75.18,23.48,16.03,19.87,6.04,91.55,kidneybeans
34.59,60.81,15.3,30.51,59.26,6.42,155.28,pigeonpeas
22.16,78.69,19.9,16.16,61.61,6.47,51.81,lentil
24.27,10.36,10.82,22.58,90.05,7.03,105.0,orange
134.62,49.14,24.28,25.08,79.38,6.48,67.73,cotton
19.8,10.67,37.0,24.65,89.36,6.81,114.3,pomegranate
23.35,27.58,10.61,33.83,93.94,7.4,116.27,orange
34.04,27.18,26.34,35.0,46.98,6.15,46.1,mango
97.14,15.43,54.15,26.61,83.36,6.57,43.46,watermelon
108.14,13.24,51.12,25.82,86.76,6.05,43.07,watermelon
119.58,46.3,19.39,22.37,74.53,6.66,80.67,cotton
93.84,15.2,50.55,24.03,83.05,6.68,46.09,watermelon
20.72,61.84,16.73,28.11,59.13,7.43,149.43,pigeonpeas
108.58,15.02,51.67,24.43,86.74,6.76,48.33,watermelon
102.81,37.74,26.06,27.05,56.38,7.03,155.74,coffee
123.38,41.32,16.77,22.23,80.8,6.2,80.77,cotton
26.37,62.85,23.27,31.15,67.54,7.3,109.46,pigeonpeas
32.81,79.91,86.6,22.7,19.36,6.86,77.93,chickpea
88.53,52.3,42.58,23.91,86.75,6.14,280.67,rice
16.84,23.97,34.79,26.53,96.85,6.19,208.01,coconut
52.61,63.65,52.78,40.38,90.88,6.7,180.59,papaya
127.86,39.81,22.87,25.0,80.71,7.13,96.2,cotton
137.34,52.25,19.98,25.73,70.32,7.29,91.28,cotton
18.79,35.6,21.15,28.39,44.23,5.41,42.88,mothbeans
27.77,28.62,25.69,26.22,90.32,6.0,152.98,coconut
21.67,63.17,81.41,20.95,16.61,7.41,93.88,chickpea
119.42,70.54,49.13,24.84,87.48,6.05,121.11,banana
57.53,79.23,53.67,27.34,89.8,6.01,80.48,papaya
107.79,14.81,47.45,28.53,94.93,6.63,28.11,muskmelon
36.66,134.24,195.84,22.87,93.47,5.65,108.15,apple
35.31,16.49,39.42,19.55,88.74,6.43,122.31,pomegranate
98.66,42.93,41.7,23.71,85.44,7.02,173.4,jute
80.91,54.92,37.23,25.38,76.49,6.01,168.08,jute
38.86,17.24,27.91,29.47,99.78,5.97,198.63,coconut
33.52,78.94,24.18,22.34,23.88,6.19,77.55,kidneybeans
35.41,66.52,24.37,27.69,67.73,6.01,61.27,blackgram
15.51,133.65,203.8,16.55,81.94,6.52,72.82,grapes
63.91,54.04,41.5,23.0,87.16,5.86,244.02,rice
17.41,55.49,20.47,19.28,61.47,6.2,52.43,lentil
33.82,25.33,12.5,19.53,91.05,6.71,106.94,orange
18.14,122.7,196.53,33.98,80.74,6.45,70.42,grapes
77.61,53.21,42.96,25.28,77.26,6.07,274.63,rice
27.38,28.73,28.46,29.55,48.93,5.43,32.0,mango
69.73,47.24,17.6,23.55,59.75,6.4,87.0,maize
24.4,24.93,10.93,30.87,90.98,7.08,102.38,orange
37.53,129.01,200.03,33.15,87.51,6.01,61.5,grapes
36.52,10.66,33.66,27.32,98.52,6.57,173.38,coconut
15.52,48.53,21.69,27.42,50.39,7.0,48.01,mothbeans
39.84,137.48,198.65,16.38,85.37,6.05,67.51,grapes
31.22,67.31,17.65,27.07,46.73,7.48,123.63,pigeonpeas
102.83,10.17,48.09,27.75,90.6,6.21,28.64,muskmelon
116.2,92.21,53.89,29.6,80.09,6.05,124.3,banana
26.21,68.39,15.55,34.52,72.85,7.39,66.41,blackgram
81.1,35.89,41.74,25.57,80.95,6.27,188.95,jute
26.23,42.5,23.11,33.0,61.2,6.49,61.07,mungbean
68.88,46.15,16.3,19.67,66.85,6.37,104.71,maize
16.34,15.27,39.11,24.81,92.83,5.54,128.71,pomegranate
117.96,74.64,48.89,29.13,75.17,6.63,111.67,banana
70.85,37.84,40.31,25.53,84.09,6.98,245.13,rice
31.28,61.33,17.85,25.86,72.45,7.07,66.17,blackgram
95.9,51.54,38.71,24.28,85.59,6.26,181.7,jute
101.17,30.79,29.28,26.86,56.54,6.77,150.66,coffee
21.97,69.15,16.51,23.39,66.23,6.31,49.57,lentil
63.17,38.0,40.62,23.85,71.19,6.03,185.7,jute
38.12,136.73,197.54,33.13,86.15,5.84,61.62,grapes
83.64,46.23,43.0,23.9,73.82,6.22,175.35,jute
28.97,73.82,18.65,21.72,69.67,6.07,53.91,lentil
95.79,40.66,38.6,24.01,83.33,6.62,227.67,rice
92.3,23.06,45.96,28.84,93.83,6.06,25.92,muskmelon
36.98,70.57,17.63,22.04,44.2,7.29,163.02,pigeonpeas
27.13,54.13,24.27,31.77,88.29,6.84,64.14,mungbean
25.69,128.98,195.82,11.07,85.39,6.62,63.24,grapes
96.69,17.87,28.94,25.93,55.72,6.63,161.02,coffee
22.53,127.03,195.83,21.66,82.15,6.01,69.77,grapes
26.92,27.95,37.58,21.19,90.39,6.42,117.27,pomegranate
104.48,21.55,32.26,27.58,53.33,6.76,163.1,coffee
39.62,20.34,31.24,25.95,97.36,6.68,199.59,coconut
16.32,40.47,18.16,27.39,61.96,6.36,64.65,mungbean
80.84,44.44,41.51,26.08,75.36,6.51,189.12,jute
28.53,26.51,32.2,27.19,54.92,5.43,96.27,mango
114.4,45.53,16.81,26.4,78.32,6.5,92.14,cotton
37.35,25.36,36.07,19.82,86.01,6.04,125.42,pomegranate
16.06,34.52,30.01,34.0,46.38,6.11,34.66,mango
23.32,27.86,13.65,24.83,90.6,7.23,100.03,orange
34.08,132.03,201.13,22.33,90.62,6.19,112.03,apple
36.89,29.95,31.34,36.45,50.38,6.29,30.49,mango
98.42,85.08,49.32,29.03,84.56,5.99,113.62,banana
83.4,39.17,40.13,23.02,81.22,6.11,196.54,jute
21.57,24.27,43.88,24.46,91.55,6.12,113.6,pomegranate
21.42,57.14,21.42,20.81,61.13,6.91,47.9,lentil
96.95,89.21,48.56,26.07,83.57,5.84,122.72,banana
16.92,57.79,24.81,19.23,18.47,6.32,90.03,kidneybeans
19.48,65.17,24.47,21.97,34.01,7.1,104.65,pigeonpeas
36.65,59.9,22.81,30.96,74.01,6.29,73.23,blackgram
35.71,42.88,19.0,30.64,47.52,9.43,67.21,mothbeans
35.1,67.95,21.62,21.97,22.27,6.41,119.11,kidneybeans
33.18,76.53,81.83,18.63,14.2,7.21,82.31,chickpea
82.39,47.39,16.74,23.75,63.51,5.6,66.82,maize
103.15,16.76,45.25,26.51,80.18,6.08,43.29,watermelon
100.91,23.44,53.37,28.82,92.81,6.57,25.42,muskmelon
32.23,22.49,43.23,20.55,85.0,6.5,122.91,pomegranate
89.28,42.95,44.15,23.21,81.82,5.77,187.98,rice
27.51,59.88,24.61,24.82,46.69,6.96,154.1,pigeonpeas
66.08,60.32,54.91,29.87,88.39,6.39,122.52,papaya
41.02,74.59,91.59,23.87,18.78,7.6,76.3,chickpea
107.63,72.73,46.36,23.4,86.65,6.57,112.4,banana
42.44,66.44,24.48,26.93,68.09,6.53,60.32,blackgram
22.64,68.26,87.93,23.29,24.32,6.79,96.0,chickpea
33.51,75.55,15.44,20.39,23.13,6.24,122.29,kidneybeans
21.53,70.05,80.52,21.16,23.98,7.75,93.07,chickpea
18.59,45.39,19.26,30.69,35.02,4.44,31.66,mothbeans
37.39,140.71,203.84,23.19,94.84,6.34,107.4,apple
23.31,63.74,94.85,23.88,19.18,6.28,87.08,chickpea
95.92,10.98,49.0,28.8,94.91,6.25,28.07,muskmelon
39.15,66.75,19.98,16.57,23.17,5.72,122.65,kidneybeans
118.68,94.01,47.3,23.66,77.48,6.4,95.66,banana
22.6,36.84,26.79,28.04,52.83,5.93,34.23,mango
108.9,14.65,48.0,24.76,86.28,6.3,45.08,watermelon
95.1,70.45,45.9,27.02,84.66,6.9,124.63,banana
15.99,143.38,204.98,28.81,83.9,6.05,64.21,grapes
20.68,135.73,203.72,41.79,85.9,5.86,68.94,grapes
24.37,71.51,89.5,20.67,21.55,7.22,87.53,chickpea
26.91,66.6,16.63,20.44,20.01,5.66,108.76,kidneybeans
74.48,37.33,41.99,26.88,79.6,6.91,178.19,jute
28.2,23.05,35.49,18.76,94.43,6.38,121.47,pomegranate
25.1,123.77,202.55,23.92,93.27,5.73,106.44,apple
33.38,75.44,94.14,18.13,22.18,7.27,69.11,chickpea
44.7,64.85,23.36,28.2,65.94,6.01,63.57,blackgram
19.47,12.82,41.98,22.46,89.43,6.64,118.58,pomegranate
91.23,34.31,33.82,26.31,65.6,7.08,150.48,coffee
67.34,43.08,40.57,22.23,80.3,6.88,285.26,rice
27.33,18.98,26.96,29.24,92.88,5.6,156.24,coconut
29.79,36.01,19.85,34.67,77.32,7.02,63.4,mungbean
94.39,21.73,26.3,26.54,51.65,6.69,199.19,coffee
16.7,77.73,20.37,17.42,62.45,6.29,42.35,lentil
28.79,11.35,27.85,29.04,90.55,6.94,162.16,coconut
62.66,73.66,53.41,25.51,92.3,6.49,174.29,papaya
23.97,71.1,19.48,15.71,22.37,5.96,122.68,kidneybeans
15.46,143.84,201.42,27.57,82.05,6.73,63.04,grapes
67.26,58.11,21.78,20.79,74.39,5.55,88.11,maize
29.92,62.58,18.03,15.8,69.72,6.04,42.67,lentil
36.87,125.89,203.39,37.42,82.45,5.51,66.22,grapes
27.94,24.54,35.02,23.56,92.95,6.28,123.64,pomegranate
102.73,15.63,27.11,27.75,58.64,7.01,180.16,coffee
113.8,18.8,26.87,23.21,67.05,7.15,156.77,coffee
19.42,28.62,39.4,20.2,86.42,6.11,120.89,pomegranate
73.67,56.11,21.58,22.32,57.62,6.57,86.79,maize
21.31,40.41,20.49,29.16,64.48,4.78,62.47,mothbeans
93.45,81.63,51.58,25.81,78.41,6.32,124.94,banana
33.83,10.51,43.49,23.41,85.64,6.79,111.64,pomegranate
99.16,20.97,49.29,26.58,89.05,6.54,49.01,watermelon
30.94,44.52,23.66,30.08,48.22,8.42,49.56,mothbeans
90.31,22.81,47.64,25.22,83.35,6.33,41.14,watermelon
15.02,76.4,24.29,21.21,63.39,5.84,42.97,lentil
27.23,60.12,22.73,27.43,73.6,6.12,71.24,blackgram
35.71,64.22,17.75,21.94,20.01,6.32,70.39,kidneybeans
26.42,129.39,203.84,23.74,94.77,6.43,106.56,apple
106.28,11.5,50.66,28.74,90.56,6.8,20.6,muskmelon
32.49,69.48,21.23,25.31,35.42,6.31,170.33,pigeonpeas
27.24,40.23,24.84,34.67,79.17,6.23,46.32,mungbean
31.22,42.27,19.46,30.04,73.14,6.87,58.31,mungbean
29.42,38.56,24.13,26.02,37.92,7.88,63.9,mothbeans
39.99,15.96,31.56,29.22,93.24,6.67,146.92,coconut
61.46,49.88,17.2,18.74,58.99,6.88,61.18,maize
26.65,55.65,24.49,29.37,59.61,5.49,62.2,mothbeans
39.67,68.88,88.31,22.75,23.67,7.35,80.45,chickpea
37.93,128.98,202.84,21.54,91.01,5.98,111.91,apple
22.05,22.86,12.96,10.32,92.98,6.17,115.06,orange
16.85,26.82,35.95,19.95,90.71,6.05,115.26,pomegranate
90.11,19.05,48.39,28.46,90.39,6.75,29.9,muskmelon
38.64,12.41,11.38,17.42,92.97,6.9,114.1,orange
21.93,51.94,24.33,26.9,38.2,9.16,42.11,mothbeans
22.9,65.3,21.64,21.97,66.06,6.0,36.13,lentil
97.96,12.33,52.23,29.93,94.27,6.54,26.39,muskmelon
93.89,19.7,48.84,24.08,88.62,6.6,46.53,watermelon
77.26,56.27,38.53,25.39,75.13,6.1,186.61,jute
33.12,14.74,37.06,22.22,92.33,6.0,100.88,pomegranate
39.1,74.53,20.8,24.67,21.04,6.39,124.48,kidneybeans
90.35,89.77,49.98,27.61,86.33,5.96,112.9,banana
20.79,140.75,201.48,26.5,87.55,6.63,68.16,grapes
99.21,33.66,25.48,27.86,55.65,7.17,157.86,coffee
62.62,59.93,48.27,42.68,93.59,6.42,184.56,papaya
28.36,10.98,39.52,20.67,94.66,5.93,101.21,pomegranate
36.23,142.7,198.24,40.4,80.03,5.83,67.11,grapes
26.37,63.88,75.55,18.5,17.49,6.89,99.23,chickpea
98.96,14.72,47.49,25.7,81.01,6.12,43.35,watermelon
32.86,25.71,32.53,29.51,92.52,6.47,175.79,coconut
36.09,33.39,26.45,34.16,51.79,4.53,70.82,mango
38.59,28.19,25.34,33.42,48.99,6.58,37.06,mango
34.37,14.57,27.16,25.24,94.9,5.88,163.84,coconut
30.08,36.72,20.76,30.79,86.31,6.83,43.6,mungbean
18.2,60.72,19.98,19.56,62.98,6.12,40.05,lentil
21.45,75.29,99.96,24.04,15.22,7.99,98.45,chickpea
18.77,139.81,200.58,21.82,93.79,6.47,101.94,apple
35.57,61.57,16.68,30.01,69.43,7.21,63.43,blackgram
85.46,49.21,39.73,24.54,89.7,5.58,180.56,rice
92.65,13.67,50.57,28.18,93.36,6.43,24.25,muskmelon
90.22,44.83,35.45,26.08,76.93,6.71,221.63,rice
102.79,54.12,20.94,23.96,79.41,6.29,96.09,cotton
85.06,27.85,32.09,25.09,65.69,7.43,168.64,coffee
22.46,20.73,34.32,27.67,92.49,5.7,207.51,coconut
61.13,64.04,47.77,34.02,89.15,6.77,128.01,papaya
33.04,29.0,34.39,30.22,54.71,5.41,42.33,mango
91.63,14.14,52.59,28.01,90.78,6.17,22.09,muskmelon
31.55,129.33,201.16,21.54,90.36,5.69,107.28,apple
46.63,60.62,49.88,36.95,90.14,6.79,138.39,papaya
32.37,13.73,12.32,13.08,91.37,6.28,109.36,orange
106.36,23.87,54.31,27.22,94.55,6.54,22.57,muskmelon
18.11,46.88,16.54,29.8,36.81,6.92,52.58,mothbeans
60.22,57.51,35.25,24.33,83.28,5.62,240.71,rice
28.69,20.39,13.79,14.91,92.5,6.99,108.51,orange
99.63,16.95,25.57,25.38,56.83,6.61,152.92,coffee
21.8,69.32,20.71,33.86,31.31,5.68,115.67,pigeonpeas
15.2,143.11,203.74,22.62,90.02,5.85,124.25,apple
96.4,22.2,50.84,24.35,85.3,6.39,47.95,watermelon
117.23,21.32,32.97,25.25,56.41,6.46,157.16,coffee
18.69,24.18,40.04,21.14,91.09,6.97,113.11,pomegranate
64.33,78.91,51.99,37.47,91.86,6.68,52.01,papaya
100.66,21.19,47.31,26.31,86.03,6.31,41.21,watermelon
101.14,11.97,49.88,25.07,88.9,6.1,45.34,watermelon
22.38,55.48,24.77,24.02,22.93,5.99,66.81,kidneybeans
20.92,36.59,24.59,33.42,82.08,6.37,64.44,mungbean
84.85,42.93,38.98,25.65,77.86,6.03,185.39,jute
66.1,74.15,47.52,24.24,90.04,6.54,103.73,papaya
29.73,135.56,197.5,16.56,89.76,6.95,73.35,grapes
21.64,16.52,14.78,33.64,93.83,6.63,105.54,orange
53.11,79.23,49.82,42.89,88.35,6.49,43.54,papaya
23.2,58.38,23.93,29.11,84.85,6.78,42.69,mungbean
28.66,54.95,21.11,27.25,86.09,6.4,45.29,mungbean
92.99,53.5,36.03,24.67,82.27,7.34,177.67,jute
35.45,10.43,32.98,29.59,93.05,6.05,163.65,coconut
92.7,47.88,35.77,26.33,85.06,6.94,168.06,jute
74.52,56.34,42.33,24.17,82.45,6.76,182.25,jute
101.9,20.43,48.25,24.74,84.53,6.01,48.21,watermelon
94.47,41.16,21.96,26.86,74.75,7.24,81.41,maize
27.8,18.93,25.78,29.87,52.66,6.29,92.03,mango
96.3,24.94,47.27,25.81,82.96,6.33,41.64,watermelon
100.47,14.94,48.9,25.74,85.45,6.2,42.37,watermelon
29.15,51.76,17.47,27.8,42.04,7.4,51.41,mothbeans
32.08,45.43,23.1,30.69,76.52,6.24,40.5,mungbean
61.16,37.08,40.54,25.87,81.91,7.49,155.39,jute
92.99,23.57,52.77,25.33,88.96,6.0,40.59,watermelon
19.19,124.34,203.49,23.59,91.82,5.96,123.38,apple
38.49,58.92,20.18,28.83,40.61,6.6,47.42,mothbeans
139.73,58.62,15.2,24.65,74.44,5.6,93.32,cotton
43.68,79.14,19.03,30.1,60.32,6.49,64.66,blackgram
28.54,74.85,23.03,29.43,62.35,6.13,75.14,blackgram
22.91,78.57,16.02,18.84,19.32,5.73,140.14,kidneybeans
109.21,14.86,53.97,26.39,84.16,6.17,43.07,watermelon
62.23,56.58,53.77,38.16,85.17,6.58,158.16,papaya
25.1,19.97,34.89,32.9,54.86,4.96,83.41,mango
69.53,56.23,19.08,18.29,73.18,6.89,100.02,maize
19.94,45.64,17.82,31.88,76.36,6.94,55.83,mungbean
90.25,24.52,50.81,27.95,92.16,6.67,27.79,muskmelon
95.57,90.23,51.1,29.42,78.78,6.91,111.66,banana
67.99,50.24,41.97,21.97,88.66,6.19,226.07,rice
118.89,40.9,18.03,26.29,70.59,6.87,84.83,cotton
109.74,15.05,47.11,27.34,93.99,6.73,20.74,muskmelon
23.58,59.78,24.12,15.79,68.69,7.39,35.26,lentil
32.91,16.82,42.06,21.31,88.96,5.88,105.12,pomegranate
15.86,78.36,22.84,23.76,65.7,5.63,42.39,lentil
15.87,128.18,199.11,23.78,91.78,5.67,107.78,apple
106.69,10.6,45.62,26.84,81.92,6.09,43.52,watermelon
47.0,63.51,45.42,40.45,92.31,6.51,127.12,papaya
79.81,50.81,38.38,26.32,80.71,5.98,217.41,rice
19.29,134.52,195.72,22.8,87.0,5.56,74.5,grapes
139.6,36.42,17.36,24.1,74.75,5.6,85.53,cotton
27.21,123.67,197.83,23.39,90.47,6.02,123.34,apple
21.06,136.93,197.89,9.84,85.69,5.8,65.41,grapes
95.09,12.69,51.04,26.06,81.41,6.5,48.39,watermelon
16.43,55.36,22.31,30.87,64.27,9.0,66.77,mothbeans
37.55,10.02,42.9,19.13,90.86,5.52,124.09,pomegranate
83.7,36.29,38.59,25.25,89.25,5.56,288.78,rice
16.36,74.58,22.54,18.45,24.18,6.0,65.98,kidneybeans
37.22,129.6,203.86,12.13,85.55,6.14,60.99,grapes
102.7,24.08,52.89,28.0,90.73,6.22,25.52,muskmelon
31.55,77.07,22.98,27.53,67.54,6.63,192.17,pigeonpeas
118.7,80.34,49.71,27.04,80.84,5.83,114.71,banana
99.28,75.4,49.19,28.72,84.73,6.69,115.62,banana
52.6,70.77,46.2,42.83,89.2,6.85,70.88,papaya
94.6,70.61,50.17,23.09,75.17,5.7,126.48,banana
80.76,44.61,24.73,22.74,61.16,6.72,64.05,maize
39.77,58.43,15.5,19.28,40.88,5.31,90.0,pigeonpeas
16.68,60.73,17.38,20.28,50.1,6.22,122.27,pigeonpeas
20.84,130.48,196.07,22.92,94.98,5.77,114.18,apple
91.92,89.45,49.98,23.98,88.09,6.05,99.72,banana
39.28,23.31,36.36,23.12,89.41,5.94,113.88,pomegranate
34.06,50.42,24.88,27.44,85.03,6.77,59.05,mungbean
31.46,55.42,16.34,28.86,63.13,6.33,49.38,mungbean
121.79,46.92,24.96,23.01,76.49,6.17,96.68,cotton
61.81,58.42,41.23,24.71,81.76,6.47,266.4,rice
28.91,49.96,24.92,25.65,48.74,8.23,32.05,mothbeans
30.54,10.62,37.21,23.89,92.04,5.78,105.12,pomegranate
32.97,136.42,204.58,22.15,92.91,6.18,100.51,apple
30.24,69.19,22.06,33.65,68.99,6.28,145.0,pigeonpeas
119.17,95.45,45.54,27.31,83.3,6.57,104.32,banana
33.29,36.11,25.33,29.19,47.11,4.5,92.5,mango
125.75,35.43,20.17,25.73,80.46,7.14,83.07,cotton
34.39,76.86,16.51,27.86,65.21,6.85,65.89,blackgram
77.84,54.78,43.31,23.12,84.65,6.22,175.06,jute
113.57,78.23,46.88,23.86,89.7,6.28,105.0,banana
44.14,60.96,15.22,28.82,66.54,6.74,77.87,blackgram
118.69,89.66,49.96,23.34,87.8,5.81,114.97,banana
51.79,57.17,53.19,34.01,93.1,6.78,169.03,papaya
87.7,39.3,26.48,24.04,57.34,7.25,160.35,coffee
93.54,22.35,51.24,28.13,92.44,6.59,20.55,muskmelon
94.21,57.79,44.16,26.16,78.03,7.4,198.01,jute
18.93,24.72,35.09,22.82,88.89,5.65,105.39,pomegranate
47.85,66.83,50.32,39.14,90.01,6.56,57.64,papaya
26.92,40.92,15.14,24.84,61.28,9.68,40.36,mothbeans
22.55,55.94,24.6,24.3,66.7,7.47,37.5,lentil
15.92,58.53,20.36,30.77,62.26,6.98,62.74,mungbean
91.56,25.72,33.85,23.32,61.49,7.4,186.99,coffee
93.43,14.02,51.08,24.32,81.93,6.14,43.37,watermelon
23.13,75.42,18.51,31.13,63.09,4.65,99.89,pigeonpeas
84.93,37.1,42.15,26.91,78.19,5.89,198.3,rice
108.1,22.11,28.96,23.15,54.06,7.24,167.29,coffee
117.48,78.5,46.24,27.54,87.27,5.83,108.44,banana
21.12,62.68,21.92,27.78,71.62,7.14,62.63,blackgram
19.56,26.9,28.79,32.54,50.6,5.83,83.49,mango
104.35,32.88,34.61,26.39,58.98,6.24,188.9,coffee
84.62,33.1,34.21,24.27,53.33,7.17,172.89,coffee
74.93,54.99,23.16,26.05,72.34,6.63,94.62,maize
16.13,44.84,24.67,32.04,79.42,6.95,41.75,mungbean
29.86,79.8,87.19,20.42,15.26,7.46,75.01,chickpea
62.32,55.45,39.28,26.73,75.68,5.81,196.77,rice
21.11,77.65,18.67,33.25,64.02,6.13,66.06,blackgram
97.14,23.76,53.73,29.05,92.5,6.37,25.42,muskmelon
25.91,46.15,22.74,25.49,64.9,6.33,40.7,mungbean
40.64,60.97,16.46,33.09,68.86,6.66,62.61,blackgram
27.35,75.28,17.82,22.18,22.13,5.61,88.24,kidneybeans
61.06,42.43,18.48,25.18,62.82,6.46,63.01,maize
92.0,55.16,21.55,24.85,69.66,6.15,63.47,maize
15.1,66.85,17.4,16.63,24.7,6.17,126.8,kidneybeans
20.47,57.11,20.71,20.86,46.71,7.42,170.76,pigeonpeas
34.07,125.59,200.01,37.18,86.14,6.02,67.43,grapes
32.27,16.02,41.27,19.54,85.47,6.85,114.03,pomegranate
109.55,76.64,46.96,23.94,78.06,6.29,99.29,banana
98.69,58.12,40.73,26.88,80.04,7.01,177.74,jute
36.0,17.34,39.13,18.44,89.15,6.09,108.12,pomegranate
78.02,37.63,43.32,25.06,77.59,7.11,150.82,jute
64.2,68.86,50.24,27.37,93.59,6.68,54.19,papaya
35.27,141.86,201.66,23.6,92.71,6.19,124.93,apple
18.96,128.81,199.44,22.21,94.19,5.81,102.7,apple
107.54,15.99,48.51,26.94,84.01,6.13,47.45,watermelon
90.55,22.46,33.51,24.57,65.48,7.17,155.43,coffee
45.11,70.52,47.39,36.69,85.17,6.16,188.4,papaya
92.26,48.35,42.94,25.06,81.0,6.21,183.07,jute
80.16,55.32,37.21,23.32,81.31,6.89,166.36,jute
31.9,61.17,94.42,18.33,23.15,7.12,94.54,chickpea
33.72,74.51,24.18,18.36,19.42,5.69,128.99,kidneybeans
16.4,22.04,13.27,31.24,91.42,6.46,110.36,orange
33.19,141.14,200.59,24.29,85.65,5.8,64.69,grapes
37.72,42.45,23.68,33.68,65.6,6.31,55.7,mungbean
130.58,51.24,15.17,26.5,84.42,6.15,82.57,cotton
105.84,17.02,52.43,27.3,93.97,6.34,23.88,muskmelon
24.66,36.49,28.8,31.27,54.57,5.26,66.75,mango
117.95,82.73,49.25,27.7,81.64,6.29,111.37,banana
39.54,144.13,196.42,41.12,84.72,5.75,74.32,grapes
89.18,37.54,40.54,26.9,80.88,6.36,292.12,rice
25.72,24.5,30.34,35.2,51.76,6.04,69.07,mango
111.86,30.68,29.66,25.13,57.55,7.44,191.55,coffee
21.56,53.56,20.71,28.91,89.47,6.61,54.52,mungbean
71.88,42.03,44.13,26.19,83.95,6.03,177.95,jute
83.92,51.13,36.27,24.42,86.53,6.15,275.68,rice
55.95,76.47,53.51,38.83,91.74,6.61,232.96,papaya
105.42,77.5,47.15,27.6,86.04,6.97,119.04,banana
21.15,130.87,200.06,23.48,90.7,6.35,100.18,apple
103.41,12.94,47.11,29.29,92.94,6.19,29.02,muskmelon
110.67,86.26,50.85,28.89,83.91,5.55,123.72,banana
92.32,47.31,36.63,26.24,80.19,6.12,201.17,rice
77.3,51.53,37.91,24.62,74.56,7.33,155.81,jute
16.11,59.49,19.71,17.94,61.1,6.44,48.02,lentil
25.81,75.07,17.21,33.53,54.47,6.92,136.9,pigeonpeas
105.43,10.74,46.49,29.82,91.76,6.71,22.89,muskmelon
19.92,67.75,17.08,26.34,68.12,7.3,51.15,lentil
16.84,14.67,36.14,20.43,89.02,6.1,125.75,pomegranate
28.88,22.44,31.45,30.98,50.14,5.63,76.15,mango
19.24,59.91,24.63,22.2,39.35,7.04,167.07,pigeonpeas
29.42,56.74,19.4,30.45,85.09,6.35,55.74,mungbean
80.99,52.58,41.96,20.16,76.17,5.92,277.99,rice
18.29,60.26,21.46,22.55,61.4,6.64,46.21,lentil
25.42,124.18,197.33,31.02,84.34,5.61,65.59,grapes
36.45,25.98,25.04,26.72,96.81,6.09,153.48,coconut
21.56,61.02,89.69,20.98,24.1,7.91,72.09,chickpea
21.05,55.44,19.29,18.69,19.76,6.33,93.26,kidneybeans
19.98,34.78,26.0,29.05,46.86,5.98,82.47,mango
34.89,143.06,195.51,30.0,83.64,5.73,73.65,grapes
38.51,36.1,24.41,28.08,59.07,8.71,60.79,mothbeans
66.82,40.99,43.1,22.89,81.27,6.84,292.78,rice
27.67,22.52,32.36,27.72,45.33,5.8,72.23,mango
19.8,43.15,16.79,34.58,79.39,6.53,63.52,mungbean
33.55,64.41,24.11,30.18,72.36,6.45,64.64,blackgram
32.07,23.67,14.04,20.95,94.65,6.42,117.29,orange
66.87,59.95,21.34,25.21,65.62,6.33,64.38,maize
28.74,26.96,12.87,11.6,92.12,6.49,119.52,orange
19.12,23.19,36.05,21.98,87.83,6.0,115.51,pomegranate
38.43,55.23,86.24,22.08,14.7,6.25,79.34,chickpea
23.55,62.66,22.51,23.63,67.87,7.1,146.59,pigeonpeas
27.63,25.04,29.69,27.39,54.38,5.9,30.58,mango
38.0,24.94,42.19,23.97,92.08,5.58,113.24,pomegranate
61.69,74.73,47.09,35.36,89.05,6.47,57.49,papaya
42.54,55.13,89.0,21.33,20.62,7.72,90.58,chickpea
67.28,45.87,22.58,20.47,62.42,6.31,80.22,maize
50.43,70.26,45.6,30.42,89.72,6.09,246.72,papaya
64.75,69.04,47.54,24.91,88.59,6.77,138.68,papaya
33.27,25.24,38.36,23.1,88.33,6.9,110.13,pomegranate
40.02,70.67,16.51,32.2,67.56,6.64,78.73,blackgram
20.06,65.41,23.43,22.85,62.53,5.93,46.15,lentil
22.67,66.17,21.23,21.06,63.03,5.89,48.24,lentil
84.71,33.29,32.28,24.24,52.09,6.09,195.27,coffee
66.25,37.29,20.8,21.32,72.47,6.84,88.92,maize
65.91,66.71,50.16,31.67,85.43,6.45,225.39,papaya
109.74,11.51,46.11,28.84,93.28,6.56,28.81,muskmelon
17.46,63.04,23.31,21.41,61.2,6.58,43.79,lentil
64.51,70.33,52.74,32.52,93.36,6.08,222.14,papaya
23.17,28.01,26.51,26.42,93.95,6.88,201.22,coconut
71.73,39.51,23.51,19.8,63.91,6.74,109.71,maize
100.25,17.8,28.95,25.27,64.43,6.99,176.23,coffee
70.16,58.32,39.1,26.28,83.02,7.28,171.08,jute
106.15,82.79,47.65,29.29,79.79,6.15,126.33,banana
38.52,132.2,200.2,21.28,91.0,6.28,107.71,apple
92.5,51.96,40.27,25.14,74.52,7.34,182.91,jute
37.22,121.34,199.72,27.84,81.82,5.7,73.35,grapes
108.97,20.84,52.73,26.19,84.03,6.63,44.1,watermelon
33.26,23.22,11.17,31.17,91.81,6.81,117.89,orange
22.11,60.89,15.32,31.53,64.17,6.35,66.76,blackgram
130.3,58.56,23.45,25.89,72.41,7.38,89.02,cotton
33.44,59.95,18.73,29.61,60.62,6.56,76.18,blackgram
130.47,42.05,18.26,24.01,79.92,6.52,75.38,cotton
35.92,78.95,93.27,20.67,20.51,6.74,94.16,chickpea
29.55,24.33,28.18,27.64,91.95,6.33,186.06,coconut
106.32,17.25,30.39,25.74,63.77,6.58,193.56,coffee
96.22,22.92,52.96,25.65,89.42,6.65,46.3,watermelon
27.19,62.38,17.42,15.55,20.62,5.87,66.21,kidneybeans
107.73,14.65,45.52,27.39,90.7,6.73,26.78,muskmelon
23.97,122.28,198.4,23.83,91.94,5.91,113.5,apple
40.56,62.41,83.89,17.92,23.26,6.09,72.45,chickpea
83.66,58.96,38.54,23.75,81.68,7.39,170.58,jute
21.25,56.31,16.53,26.68,69.23,7.38,73.24,blackgram
37.93,22.88,31.14,28.54,90.99,6.18,170.12,coconut
20.3,67.65,90.26,18.47,23.93,7.23,96.38,chickpea
19.2,122.28,203.59,25.82,88.24,6.06,66.45,grapes
84.99,26.79,31.56,27.45,55.53,6.09,160.86,coffee
93.08,37.49,38.34,25.46,74.0,6.1,153.36,jute
21.21,16.25,28.48,36.03,49.7,4.64,96.99,mango
29.42,69.98,21.6,18.72,63.83,5.88,48.02,lentil
35.7,142.66,196.66,35.69,89.06,6.82,70.58,grapes
17.88,36.55,20.99,30.86,56.56,7.5,69.09,mothbeans
43.81,73.55,23.03,32.45,62.87,7.06,74.82,blackgram
31.92,60.22,15.76,18.32,21.84,6.31,107.93,kidneybeans
35.11,69.36,24.29,26.19,54.14,5.49,116.43,pigeonpeas
25.94,61.56,21.04,26.2,68.06,6.87,46.14,lentil
25.16,59.3,21.48,28.1,61.46,6.36,57.95,mungbean
23.55,78.94,24.35,26.51,61.32,6.89,53.28,lentil
94.79,25.16,25.33,23.8,54.56,6.4,162.13,coffee
106.36,23.9,50.02,28.29,94.62,6.55,23.21,muskmelon
17.59,17.63,30.09,25.57,90.0,6.7,153.61,coconut
20.48,19.42,11.31,22.38,92.93,6.77,114.59,orange
15.4,37.08,22.82,27.75,67.34,6.74,61.59,mungbean
17.81,26.63,30.1,28.88,49.09,5.78,95.54,mango
25.54,40.71,24.1,34.76,87.35,7.18,63.22,mungbean
23.37,28.0,26.12,27.19,52.7,6.65,71.17,mango
92.21,10.83,48.29,27.82,93.89,6.32,22.07,muskmelon
119.79,35.4,32.69,23.89,64.47,6.32,191.99,coffee
15.19,65.68,24.3,19.54,61.06,6.01,39.49,lentil
16.32,22.18,11.78,24.85,91.75,6.81,109.47,orange
17.47,64.59,16.92,16.95,69.04,6.71,46.39,lentil
37.12,17.61,25.72,27.24,47.0,6.67,39.85,mango
36.93,124.89,198.1,22.8,94.25,6.13,119.92,apple
32.01,19.72,29.27,25.43,90.26,6.76,221.69,coconut
17.3,21.1,12.78,33.11,90.4,6.89,103.07,orange
63.41,52.98,21.13,24.15,58.64,6.89,93.38,maize
36.84,67.65,24.87,29.32,64.72,7.25,77.93,blackgram
27.84,19.47,26.36,28.07,95.94,6.65,169.08,coconut
22.0,21.65,31.09,35.72,48.07,4.99,50.54,mango
18.48,63.96,15.0,18.34,68.63,6.66,54.23,lentil
22.12,73.05,83.74,18.92,20.61,6.69,97.06,chickpea
19.28,66.64,22.67,25.55,65.32,7.2,44.93,lentil
32.96,127.95,203.68,16.32,89.11,6.83,64.37,grapes
20.22,41.15,23.91,30.87,57.64,8.63,64.18,mothbeans
37.48,46.74,24.67,28.23,70.27,7.18,45.83,mungbean
97.96,20.32,53.96,24.68,82.71,6.73,47.14,watermelon
22.16,68.31,23.43,18.14,68.95,6.53,42.47,lentil
115.87,82.4,47.14,28.02,78.23,6.75,112.36,banana
34.89,22.89,29.68,27.57,99.3,5.71,153.91,coconut
91.02,43.36,15.58,26.56,60.15,6.29,71.6,maize
96.57,45.05,16.07,18.94,57.44,6.86,75.28,maize
21.67,10.66,26.87,27.49,95.64,6.64,155.92,coconut
19.14,135.69,198.4,23.94,90.86,5.84,104.11,apple
128.11,54.63,24.56,22.2,78.88,6.48,93.7,cotton
115.2,46.03,15.46,22.28,74.53,6.55,81.32,cotton
20.06,25.15,32.01,29.6,99.15,5.7,214.0,coconut
71.69,47.43,36.4,24.4,79.64,6.06,269.71,rice
38.52,48.67,15.2,31.03,63.6,7.05,51.3,mothbeans
30.58,27.63,38.87,21.19,87.42,6.69,115.93,pomegranate
64.83,46.98,35.33,24.22,71.8,7.46,199.67,jute
43.16,63.9,20.4,34.28,66.2,7.17,62.77,blackgram
90.76,21.84,52.03,26.84,81.33,6.33,49.49,watermelon
60.82,45.44,37.94,20.71,81.83,5.56,199.71,rice
24.03,14.09,13.71,33.37,90.47,6.77,117.5,orange
60.31,50.23,41.16,24.71,70.14,7.38,187.82,jute
32.07,132.03,201.32,23.94,92.81,5.79,104.6,apple
97.57,94.27,53.55,23.79,82.72,6.21,107.85,banana
39.31,40.12,20.09,30.96,85.05,7.16,52.57,mungbean
24.12,54.99,16.33,27.15,58.55,7.92,54.93,mothbeans
24.69,14.54,12.87,19.5,90.19,6.12,106.21,orange
104.56,16.26,54.74,27.53,90.5,6.39,26.55,muskmelon
83.82,46.9,17.32,26.97,64.96,6.87,82.59,maize
44.89,70.33,24.99,32.41,67.05,6.02,76.14,blackgram
32.21,74.03,81.24,20.34,24.95,6.97,65.95,chickpea
67.33,55.95,52.86,33.64,90.71,6.82,144.93,papaya
94.93,10.6,51.61,26.66,80.25,6.07,47.72,watermelon
111.62,83.55,53.66,23.13,83.35,5.99,127.65,banana
87.22,30.34,25.64,23.64,51.08,6.55,183.19,coffee
67.27,58.57,36.69,20.5,81.96,6.81,223.06,rice
43.31,57.05,24.86,34.8,61.06,6.07,70.9,blackgram
70.89,43.77,20.4,19.8,73.73,5.74,106.85,maize
37.73,126.47,198.34,23.95,94.53,5.53,110.42,apple
48.76,62.8,54.83,33.87,90.08,6.05,46.1,papaya
34.45,27.58,37.69,23.61,91.45,6.64,119.89,pomegranate
129.8,42.43,19.52,23.75,76.37,6.78,71.91,cotton
103.13,11.93,52.93,29.67,92.95,6.35,24.26,muskmelon
22.48,57.27,22.83,33.43,66.89,6.13,76.37,blackgram
35.64,57.13,24.21,21.51,36.73,5.5,190.9,pigeonpeas
27.37,138.11,203.4,21.92,81.39,5.63,66.18,grapes
28.4,68.82,15.79,20.25,46.79,5.33,121.3,pigeonpeas
77.45,52.41,22.53,18.94,71.58,5.52,71.73,maize
109.5,80.43,51.92,27.09,87.77,6.64,128.6,banana
40.35,77.17,83.36,23.58,17.21,7.27,62.31,chickpea
20.33,79.41,20.79,25.07,69.87,6.68,61.97,blackgram
98.91,45.96,36.47,23.04,84.54,6.68,153.74,jute
35.07,29.45,14.38,21.36,92.87,7.13,103.86,orange
73.26,38.53,41.15,25.98,82.77,6.81,158.7,jute
31.7,21.08,40.68,24.15,88.14,5.79,103.93,pomegranate
33.35,134.81,203.17,22.22,92.17,5.61,105.37,apple
29.67,69.09,19.49,36.63,43.01,5.58,175.78,pigeonpeas
88.64,57.93,15.91,25.78,73.01,7.12,73.71,maize
31.2,74.32,18.57,15.42,24.66,6.19,132.34,kidneybeans
30.16,64.43,24.2,30.46,70.84,6.28,77.29,blackgram
15.72,123.43,203.82,22.56,92.63,5.93,106.52,apple
34.03,77.25,17.05,18.1,18.1,6.46,94.45,kidneybeans
96.64,24.4,47.68,27.33,91.26,6.23,23.88,muskmelon
33.66,128.13,197.05,21.13,91.03,6.46,107.43,apple
24.79,140.72,196.96,22.7,89.45,5.84,69.0,grapes
15.89,128.27,201.89,37.0,86.26,5.93,61.82,grapes
26.06,67.64,16.12,32.04,69.13,7.48,129.23,pigeonpeas
107.5,74.7,47.75,26.66,75.51,6.59,118.01,banana
23.72,71.12,22.12,17.3,19.39,6.13,82.79,kidneybeans
32.43,73.54,24.33,33.59,36.84,7.17,125.96,pigeonpeas
86.5,40.92,37.56,24.87,75.39,6.77,194.94,jute
28.45,121.36,195.75,21.33,92.18,5.52,116.11,apple
103.06,36.41,22.29,25.52,78.01,6.18,66.71,cotton
101.28,16.59,47.79,25.77,88.29,6.52,43.11,watermelon
29.39,40.1,17.24,30.19,63.06,7.09,51.38,mungbean
108.79,34.21,30.26,27.65,69.9,6.84,166.0,coffee
29.63,60.17,20.34,15.85,66.69,6.49,43.42,lentil
93.52,83.44,47.23,23.28,76.85,6.93,104.48,banana
21.01,126.21,202.79,23.72,93.17,5.73,110.91,apple
31.49,56.95,19.96,31.56,41.98,5.51,52.03,mothbeans
104.42,57.35,24.23,24.63,79.18,6.35,91.6,cotton
80.98,37.66,23.84,21.89,72.37,5.71,89.72,maize
74.92,36.0,35.31,23.75,87.66,6.35,195.31,jute
24.99,21.17,14.26,27.92,93.84,7.25,104.08,orange
37.22,79.4,17.29,21.02,18.64,5.79,149.75,kidneybeans
104.06,21.51,47.73,25.28,83.08,6.44,43.22,watermelon
22.05,44.21,19.98,28.04,81.46,6.34,55.75,mungbean
69.04,64.29,48.35,29.05,89.43,6.94,196.21,papaya
35.5,36.36,15.6,26.5,61.4,9.48,44.07,mothbeans
103.72,88.2,47.1,25.61,76.62,6.91,112.37,banana
42.17,61.31,98.52,23.34,17.35,6.77,65.57,chickpea
32.68,75.89,24.08,22.13,24.79,5.52,76.51,kidneybeans
95.49,35.13,39.2,22.63,88.56,6.65,234.1,rice
21.83,13.78,25.11,29.08,92.1,5.58,193.03,coconut
89.72,34.71,25.77,23.28,63.41,7.04,172.64,coffee
90.0,58.42,21.5,22.06,69.38,6.74,68.4,maize
100.66,22.48,49.04,27.93,93.42,6.2,26.13,muskmelon
98.73,13.59,50.79,28.65,91.72,6.12,29.46,muskmelon
21.66,137.0,203.86,22.75,94.77,6.25,102.1,apple
30.41,20.94,31.91,30.13,46.31,6.01,45.74,mango
34.27,22.82,25.41,26.95,98.72,6.26,160.76,coconut
120.46,44.82,19.28,26.64,81.77,6.99,67.01,cotton
36.77,10.49,38.95,21.67,88.21,6.42,117.85,pomegranate
30.58,38.7,19.6,28.48,75.86,6.8,61.87,mungbean
99.58,78.68,54.58,29.47,79.44,5.99,120.71,banana
36.4,21.15,11.7,13.35,91.02,7.43,101.03,orange
36.26,62.32,85.85,19.64,21.31,6.69,95.54,chickpea
38.25,18.16,11.59,26.07,91.9,6.45,110.79,orange
32.62,10.01,26.5,26.46,94.28,6.19,169.32,coconut
28.46,33.85,28.63,29.49,46.76,6.53,94.95,mango
99.76,51.23,44.34,24.53,89.79,6.79,189.38,jute
29.22,68.6,23.42,30.77,61.72,6.08,65.06,blackgram
37.26,127.65,200.17,21.71,92.01,6.36,124.02,apple
115.39,88.13,49.92,24.5,88.98,6.79,119.15,banana
84.76,20.66,31.59,23.31,65.66,6.71,179.47,coffee
89.55,35.72,31.94,27.95,58.64,6.1,185.51,coffee
31.69,74.06,17.77,27.16,54.1,7.44,153.63,pigeonpeas
100.64,16.71,46.77,28.47,90.94,6.18,20.35,muskmelon
109.54,16.12,27.96,25.53,53.85,6.4,175.87,coffee
35.85,65.41,19.33,23.76,20.34,6.12,72.86,kidneybeans
43.88,60.1,78.48,21.22,23.12,6.86,75.46,chickpea
38.2,18.99,14.1,18.3,92.49,6.09,105.44,orange
81.58,57.35,39.84,25.02,85.9,7.3,150.94,jute
107.83,20.78,54.02,26.84,84.84,6.65,49.48,watermelon
39.94,18.52,38.83,19.05,88.7,6.37,125.73,pomegranate
16.16,23.23,10.96,19.65,94.31,6.42,118.57,orange
31.39,127.64,204.56,37.0,80.91,5.87,61.0,grapes
92.11,13.58,46.6,28.09,90.06,6.78,21.89,muskmelon
23.67,78.73,21.97,28.62,70.82,6.5,66.91,blackgram
36.1,46.11,18.35,28.67,79.51,6.65,43.01,mungbean
46.22,66.05,50.33,38.3,86.87,6.36,139.09,papaya
29.4,73.16,76.63,24.06,20.59,6.69,83.55,chickpea
19.4,19.58,31.86,26.5,91.1,6.52,160.95,coconut
32.18,29.45,30.57,30.9,53.52,6.83,51.84,mango
31.36,72.22,81.54,23.43,22.74,6.02,71.03,chickpea
101.39,24.84,49.41,25.21,88.69,6.65,40.9,watermelon
101.33,20.06,53.95,25.44,88.41,6.06,41.65,watermelon
60.77,60.78,51.94,33.74,92.38,6.4,41.78,papaya
93.3,38.0,43.51,20.66,79.16,6.44,259.82,rice
25.3,67.26,16.71,25.83,73.73,7.33,66.41,blackgram
94.23,59.69,19.96,22.33,58.62,6.25,92.54,maize
104.57,16.23,46.14,25.84,83.82,6.71,42.16,watermelon
44.15,60.14,76.46,17.5,17.36,7.61,66.4,chickpea
108.32,40.14,15.52,22.44,71.46,6.65,94.37,cotton
35.08,48.87,16.81,25.35,45.37,7.92,47.21,mothbeans
25.86,63.33,17.1,29.43,66.98,7.21,68.84,blackgram
91.66,53.18,42.19,26.66,85.87,7.15,191.92,jute
44.08,70.62,87.46,22.21,21.64,6.22,61.24,chickpea
32.0,58.93,23.02,32.57,66.83,6.29,70.47,blackgram
83.7,39.07,36.43,23.41,79.97,6.61,167.76,jute
82.59,47.41,22.8,23.89,56.44,5.93,90.35,maize
105.5,22.03,51.93,26.19,80.99,6.1,41.75,watermelon
33.7,69.13,82.05,24.06,16.63,6.28,91.77,chickpea
27.65,44.94,22.96,24.87,62.86,5.69,58.29,mothbeans
33.73,23.95,33.83,29.56,97.74,5.84,216.9,coconut
37.23,23.76,11.41,30.12,91.08,6.7,116.59,orange
38.2,57.06,23.01,21.28,56.84,6.48,195.34,pigeonpeas
62.63,49.92,18.5,20.46,55.61,6.82,87.33,maize
97.19,49.42,41.59,20.3,77.73,6.21,196.9,rice
18.25,74.96,18.98,35.15,51.25,5.68,113.97,pigeonpeas
68.26,45.53,16.03,24.38,74.73,7.43,109.61,maize
31.67,46.71,23.91,27.48,73.75,6.55,44.37,mungbean
82.46,35.85,26.05,25.63,67.49,6.22,191.55,coffee
39.82,15.45,28.69,26.03,94.09,6.69,193.04,coconut
20.04,20.17,28.97,29.26,54.96,5.13,51.26,mango
28.12,66.54,93.98,22.34,19.74,6.09,99.24,chickpea
27.87,16.3,14.04,20.72,90.67,6.02,111.38,orange
32.6,19.85,33.04,27.44,52.36,6.28,68.5,mango
66.87,76.75,48.91,42.39,93.36,7.0,87.46,papaya
21.03,133.55,198.5,8.69,81.27,6.59,63.03,grapes
48.65,72.67,50.25,25.92,92.4,6.45,103.88,papaya
100.98,38.94,21.56,23.72,82.21,5.55,72.58,cotton
39.27,36.82,19.59,27.26,43.94,4.56,36.65,mothbeans
34.15,67.96,20.1,26.67,65.35,7.43,62.58,blackgram
76.38,38.01,21.8,18.36,65.4,5.54,99.77,maize
32.58,120.46,204.05,13.5,85.3,5.64,70.46,grapes
24.33,79.74,17.34,29.67,38.91,6.17,148.51,pigeonpeas
34.17,67.33,16.21,27.74,68.07,6.71,78.6,blackgram
21.49,55.75,23.74,19.06,40.21,5.18,109.21,pigeonpeas
103.57,19.84,49.4,26.59,88.58,6.54,45.99,watermelon
24.37,17.23,12.03,24.32,94.72,6.47,105.96,orange
28.96,22.88,13.95,16.08,93.95,7.01,115.17,orange
38.37,51.66,22.42,31.18,35.01,6.01,38.64,mothbeans
83.95,37.75,38.7,23.82,84.41,5.63,268.93,rice
66.28,42.44,44.59,24.56,85.1,6.41,180.4,jute
92.0,22.7,53.75,28.35,91.08,6.76,25.31,muskmelon
32.18,58.67,22.59,20.05,18.06,5.85,78.2,kidneybeans
16.12,36.91,29.64,30.3,51.88,4.51,69.08,mango
66.24,45.68,44.28,22.7,88.52,6.19,281.02,rice
106.95,97.57,48.16,25.9,83.9,6.1,124.89,banana
40.27,63.91,15.73,25.29,67.94,7.43,70.55,blackgram
30.62,67.11,16.61,26.82,42.34,4.97,134.22,pigeonpeas
94.96,43.87,18.01,21.06,67.78,5.59,65.82,maize
29.49,56.17,22.79,24.25,68.88,6.33,54.78,lentil
34.06,58.67,15.5,18.21,66.6,6.52,100.39,pigeonpeas
36.02,63.83,90.49,21.19,17.88,6.94,76.39,chickpea
25.97,76.17,16.98,32.25,71.43,6.69,62.7,blackgram
32.15,14.87,13.94,29.96,92.01,6.18,115.29,orange
26.25,22.28,35.54,23.04,87.9,6.57,124.38,pomegranate
62.23,55.73,48.48,29.69,88.53,6.89,86.06,papaya
20.27,25.05,33.09,28.62,96.78,6.08,188.14,coconut
92.28,15.24,25.09,25.34,62.45,7.04,157.69,coffee
64.01,60.48,51.77,26.21,92.49,6.21,135.97,papaya
35.86,14.04,13.95,33.11,94.83,7.03,103.03,orange
28.97,76.81,15.04,30.44,63.6,6.93,67.32,blackgram
29.13,17.76,33.45,29.25,49.21,6.3,53.29,mango
22.1,13.25,30.96,25.51,91.98,5.8,211.07,coconut
27.37,13.63,10.39,28.78,90.39,7.24,102.03,orange
25.46,130.7,197.69,27.81,88.91,6.38,60.83,grapes
93.32,15.88,54.15,24.94,88.32,6.21,44.64,watermelon
61.37,57.59,37.31,26.45,75.27,6.59,152.84,jute
21.44,58.2,91.06,18.91,19.06,6.55,75.42,chickpea
37.08,36.78,20.14,30.12,38.32,8.67,39.69,mothbeans
125.57,55.86,21.47,26.48,79.48,7.45,68.62,cotton
28.05,24.92,26.58,26.1,90.09,5.91,223.53,coconut
93.2,37.9,37.43,24.34,83.63,6.08,168.45,jute
109.64,18.22,45.74,27.21,91.0,6.1,23.86,muskmelon
49.53,57.49,47.85,33.71,90.8,6.21,202.36,papaya
44.4,73.32,93.78,22.23,21.35,7.45,81.34,chickpea
21.53,137.67,199.88,22.41,80.75,6.44,60.38,grapes
101.87,22.71,51.26,29.38,94.85,6.49,22.49,muskmelon
30.83,24.4,34.29,34.42,51.84,6.52,93.69,mango
112.0,88.13,50.05,27.87,85.45,5.94,127.46,banana
16.98,35.1,16.99,29.74,47.1,3.86,58.26,mothbeans
26.76,140.52,199.48,28.82,80.48,6.25,68.83,grapes
28.61,46.0,23.33,25.91,45.32,3.58,68.46,mothbeans
29.65,74.25,18.22,22.59,22.54,6.02,79.81,kidneybeans
93.96,24.06,54.77,24.4,83.76,6.41,49.99,watermelon
35.95,67.24,24.9,26.72,39.26,6.55,158.11,pigeonpeas
97.31,39.91,26.99,25.66,56.52,7.44,159.26,coffee
32.71,32.53,32.33,30.88,45.15,4.74,91.45,mango
136.89,46.91,24.93,23.19,76.59,7.39,81.09,cotton
37.45,55.51,24.97,30.26,54.89,5.91,63.94,mothbeans
22.57,21.2,14.01,32.34,93.86,6.7,116.54,orange
26.51,130.07,199.65,12.68,83.48,6.42,71.9,grapes
31.23,131.7,197.08,23.13,94.99,5.96,118.6,apple
96.0,37.76,15.68,25.22,74.04,6.6,106.53,maize
15.26,23.08,34.35,28.73,96.95,6.47,157.62,coconut
29.8,24.38,39.0,18.28,87.34,6.7,103.39,pomegranate
69.15,57.3,38.75,21.57,76.92,5.88,268.5,rice
35.9,144.04,195.57,21.1,92.1,6.23,123.99,apple
65.64,55.43,40.16,23.09,76.7,5.87,250.01,rice
39.4,36.78,32.43,34.44,49.6,6.19,84.26,mango
82.0,43.73,43.5,23.79,75.65,6.42,177.31,jute
78.24,42.12,43.77,25.15,85.27,6.43,207.87,rice
97.4,90.39,48.26,25.82,82.24,6.58,99.41,banana
68.26,53.23,37.24,26.9,78.67,7.38,175.93,jute
76.03,53.2,24.95,21.78,69.85,7.5,109.39,maize
22.82,61.41,18.4,33.6,35.86,7.16,170.17,pigeonpeas
27.87,59.17,18.47,32.52,80.12,6.55,63.99,mungbean
15.48,16.29,14.73,16.22,93.4,6.74,106.39,orange
31.23,132.53,200.13,28.06,88.74,6.23,62.02,grapes
73.01,35.23,42.38,26.63,83.85,6.34,268.37,rice
118.35,95.83,50.19,27.58,84.14,6.36,104.59,banana
38.46,14.68,29.67,27.39,98.84,5.64,218.7,coconut
26.71,15.22,29.51,25.39,96.86,6.58,209.62,coconut
46.74,56.01,49.0,40.62,89.59,6.44,94.15,papaya
30.08,142.43,197.71,23.6,91.41,5.83,104.02,apple
38.48,69.58,17.19,25.08,36.45,4.53,114.06,pigeonpeas
107.5,18.45,48.29,26.75,85.46,6.02,44.49,watermelon
121.92,45.99,16.72,24.41,78.2,6.53,85.35,cotton
93.8,23.74,29.81,25.36,65.26,6.03,167.95,coffee
28.95,48.46,19.28,29.91,75.85,7.16,60.58,mungbean
26.45,25.3,25.82,26.46,98.82,6.35,212.93,coconut
100.3,57.1,20.55,26.92,72.69,5.61,97.08,cotton
116.02,36.52,27.46,24.64,67.81,6.36,171.27,coffee
29.53,10.43,10.55,15.8,94.59,7.32,108.67,orange
101.27,12.37,51.16,28.91,91.71,6.24,25.94,muskmelon
22.48,74.55,21.31,17.07,19.75,5.56,108.68,kidneybeans
15.3,41.89,23.94,32.16,64.07,6.95,45.29,mungbean
34.91,10.81,13.39,16.17,91.42,6.37,100.18,orange
102.83,22.53,49.74,25.26,83.43,6.28,41.93,watermelon
29.08,60.77,15.4,24.05,61.91,5.69,43.3,lentil
27.39,65.4,21.67,24.24,63.21,6.8,51.74,lentil
24.37,65.69,17.49,32.62,63.05,7.19,69.89,blackgram
23.18,21.17,29.64,35.6,51.05,5.7,43.04,mango
39.54,26.65,28.22,28.44,98.43,6.57,228.68,coconut
116.57,33.57,28.85,23.31,67.92,6.46,182.44,coffee
26.05,48.95,17.86,29.46,36.61,7.57,36.13,mothbeans
35.11,56.2,16.34,15.69,22.0,6.23,123.19,kidneybeans
108.88,48.2,19.4,23.95,79.71,6.6,92.58,cotton
102.42,94.85,46.44,26.34,83.56,5.82,109.06,banana
62.96,57.43,36.73,25.75,75.43,6.1,247.82,rice
80.57,47.57,42.02,21.24,87.34,6.62,245.23,rice
19.17,63.63,19.19,18.97,18.64,5.56,105.64,kidneybeans
35.17,58.68,16.54,23.7,67.37,5.3,164.4,pigeonpeas
30.06,59.62,22.1,33.96,61.03,6.47,58.44,mungbean
96.87,39.36,40.22,23.14,89.17,5.69,197.99,rice
32.55,49.29,20.94,27.24,48.06,3.75,37.46,mothbeans
39.23,59.44,86.45,18.26,15.06,6.16,84.94,chickpea
25.14,59.81,24.32,29.43,38.67,8.36,59.11,mothbeans
107.1,46.8,24.81,24.72,73.69,5.6,86.68,cotton
92.56,85.89,50.25,26.52,84.67,6.68,120.86,banana
29.58,49.7,21.75,29.53,47.45,6.99,61.76,mothbeans
94.65,56.52,44.67,26.34,79.21,6.05,275.43,rice
90.09,82.55,48.13,27.01,78.97,6.01,128.1,banana
27.14,57.75,21.95,32.27,79.67,6.34,40.42,mungbean
19.75,70.95,19.87,17.9,68.42,6.69,40.19,lentil
37.2,70.4,83.68,17.64,19.69,6.61,83.09,chickpea
98.07,16.12,53.35,25.81,84.96,6.69,43.1,watermelon
80.8,39.66,40.43,20.08,79.1,6.52,285.21,rice
67.99,56.2,41.11,24.45,85.67,6.82,181.98,jute
76.42,59.33,41.35,22.0,76.14,5.98,221.56,rice
32.96,58.72,91.35,23.63,19.64,7.38,95.72,chickpea
29.52,78.9,22.38,26.37,69.49,5.75,51.21,lentil
66.65,40.46,22.5,18.73,59.04,7.18,68.68,maize
81.03,54.97,17.6,24.21,56.14,6.05,78.01,maize
27.84,19.27,38.16,21.07,93.01,6.02,129.04,pomegranate
119.5,56.78,17.89,22.03,82.86,6.72,83.09,cotton
34.52,10.37,14.74,20.23,93.85,6.28,116.27,orange
32.52,45.27,20.38,32.02,89.18,7.15,50.8,mungbean
29.52,18.29,37.53,21.57,88.36,5.85,118.53,pomegranate
33.05,129.33,201.23,23.08,91.65,5.74,100.89,apple
108.39,20.42,54.58,28.77,91.57,6.45,26.62,muskmelon
29.56,18.88,13.55,32.12,93.29,6.99,118.98,orange
19.56,12.66,13.56,15.93,91.39,7.45,106.3,orange
108.41,48.95,22.35,23.55,76.6,6.71,84.48,cotton
42.38,60.06,81.5,23.57,20.94,7.16,64.37,chickpea
23.17,57.52,19.66,23.47,38.82,4.96,189.03,pigeonpeas
67.01,36.05,18.46,22.93,64.78,7.14,103.4,maize
25.31,40.67,17.1,30.01,41.59,4.65,49.3,mothbeans
34.07,141.85,201.98,19.24,84.32,5.95,60.99,grapes
118.68,47.34,16.31,23.72,80.12,6.96,87.33,cotton
31.28,27.8,28.56,30.52,52.71,5.78,65.25,mango
24.01,62.48,16.71,31.93,47.14,5.08,159.71,pigeonpeas
55.59,77.65,46.81,32.43,91.92,6.44,169.73,papaya
133.4,44.77,22.17,23.75,81.3,7.2,79.26,cotton
39.09,47.03,18.99,24.39,43.95,4.72,65.24,mothbeans
32.05,120.5,201.06,18.94,88.69,6.45,60.8,grapes
83.42,30.27,33.09,26.51,50.26,6.52,167.66,coffee
21.53,135.71,203.77,23.45,90.85,5.69,112.75,apple
33.81,38.14,26.81,27.03,49.76,5.33,77.68,mango
28.56,75.48,20.04,24.75,60.66,5.55,47.61,lentil
30.24,29.09,25.82,28.61,98.01,5.61,172.91,coconut
75.55,43.53,35.52,25.54,89.31,6.03,263.27,rice
38.86,48.53,19.72,26.5,48.33,4.35,52.94,mothbeans
90.43,51.3,35.14,22.97,80.95,6.26,194.96,rice
31.21,58.99,22.35,26.65,40.7,5.78,59.12,mothbeans
32.8,124.81,198.42,23.52,91.73,6.39,121.39,apple
19.32,128.09,200.19,22.68,90.94,5.9,122.07,apple
139.87,46.27,24.08,25.06,75.74,5.51,96.33,cotton
23.56,64.3,77.96,17.22,24.74,7.82,82.15,chickpea
97.9,22.63,47.07,27.46,91.95,6.18,26.04,muskmelon
79.53,55.82,38.34,24.63,89.64,7.41,172.89,jute
20.3,65.32,81.27,22.99,14.78,7.27,88.91,chickpea
29.9,18.44,10.76,13.29,93.77,6.27,101.22,orange
24.4,144.95,198.27,34.09,84.44,6.56,69.84,grapes
24.25,20.75,30.05,27.69,51.45,5.03,50.41,mango
25.11,14.83,14.07,30.16,94.56,6.62,117.11,orange
42.92,56.82,18.0,32.97,62.46,6.58,70.74,blackgram
90.11,83.32,49.4,28.54,85.87,5.95,109.55,banana
129.83,52.43,20.8,25.36,75.26,6.97,64.45,cotton
16.87,42.61,17.83,29.6,70.23,6.44,47.49,mungbean
71.59,54.87,40.03,20.09,77.08,6.64,206.95,rice
121.28,38.96,23.23,22.62,73.56,6.23,79.25,cotton
92.4,22.91,46.87,28.33,90.53,6.12,23.45,muskmelon
61.38,50.84,38.76,23.54,89.55,5.82,209.82,rice
95.76,11.42,47.73,28.85,93.06,6.7,29.67,muskmelon
76.58,43.89,19.67,24.93,61.74,5.85,81.19,maize
77.01,57.15,16.61,20.94,68.28,6.47,64.46,maize
27.3,131.84,203.21,12.5,82.54,6.64,63.83,grapes
97.58,47.8,43.23,26.65,89.95,6.38,195.3,rice
98.53,14.61,53.02,29.69,93.87,6.3,24.38,muskmelon
30.49,58.87,19.38,19.98,49.36,6.97,161.48,pigeonpeas
62.98,48.24,42.95,22.46,82.8,5.78,235.44,rice
15.2,13.97,13.74,22.29,92.89,7.2,117.77,orange
33.83,143.81,200.0,23.02,90.31,5.82,104.42,apple
55.7,68.1,53.35,25.69,89.35,6.72,149.83,papaya
96.44,38.56,29.62,23.38,57.36,6.92,156.41,coffee
48.45,77.17,46.84,39.59,87.55,6.13,222.77,papaya
16.46,35.33,34.44,30.46,49.94,5.22,40.37,mango
83.32,59.28,20.66,22.1,60.16,6.18,107.88,maize
78.88,36.29,16.86,24.12,68.6,6.85,92.1,maize
27.03,75.8,18.19,28.12,67.58,6.91,65.92,blackgram
26.39,52.29,16.69,28.29,70.66,6.39,62.16,mungbean
68.4,53.31,21.08,19.47,59.57,7.24,96.84,maize
94.52,51.05,40.49,20.59,85.56,6.73,264.87,rice
91.16,10.74,45.91,26.86,81.0,6.41,45.74,watermelon
110.61,59.77,24.75,25.87,80.39,6.52,95.4,cotton
27.09,44.68,16.43,25.3,68.25,6.91,64.11,mungbean
30.59,75.23,20.01,24.21,45.16,5.22,104.8,pigeonpeas
15.82,65.54,22.48,16.52,64.44,5.68,48.38,lentil
83.49,56.76,40.46,24.64,73.39,6.22,189.63,jute
27.93,56.94,23.35,22.36,63.02,6.48,42.37,lentil
104.38,48.55,17.92,24.91,72.67,6.8,62.49,cotton
67.14,51.47,20.51,23.64,57.63,6.23,85.95,maize
35.16,59.35,91.06,21.35,21.44,6.96,99.52,chickpea
30.84,19.79,25.43,29.46,52.48,6.93,98.33,mango
16.17,56.64,22.88,22.27,20.86,6.36,132.27,kidneybeans
20.65,19.66,11.36,17.43,90.57,7.05,114.03,orange
43.81,68.66,21.37,33.36,74.52,6.33,70.03,blackgram
15.59,27.21,30.29,31.38,46.97,6.3,57.82,mango
56.89,64.51,49.17,25.74,89.45,6.72,60.99,papaya
16.29,143.89,196.17,21.3,91.75,6.1,122.22,apple
77.1,53.66,42.04,23.28,88.9,6.37,227.88,rice
21.08,19.51,12.41,21.19,90.45,6.56,117.77,orange
30.26,49.55,24.9,34.87,77.93,6.84,45.91,mungbean
21.92,37.17,21.06,28.16,86.31,7.06,43.65,mungbean
108.23,21.65,30.61,25.24,66.24,6.13,199.3,coffee
91.03,10.32,54.83,29.26,91.46,6.17,20.01,muskmelon
54.15,78.31,51.56,25.11,86.24,6.67,162.43,papaya
72.57,37.34,36.73,25.22,82.39,6.0,220.02,rice
18.57,55.03,18.98,24.21,22.18,5.85,79.59,kidneybeans
88.27,43.48,43.36,20.59,88.15,6.12,182.17,rice
32.27,67.23,21.68,33.65,36.41,4.62,179.37,pigeonpeas
19.3,20.53,10.84,14.19,94.9,6.88,116.33,orange
63.9,70.71,46.51,39.72,92.39,6.07,218.24,papaya
48.58,61.08,49.63,33.82,88.08,6.12,59.34,papaya
95.97,97.44,54.47,29.27,85.98,6.02,114.02,banana
39.24,68.79,17.09,31.48,61.89,7.13,71.11,blackgram
27.23,28.28,25.06,35.14,53.21,6.62,80.09,mango
95.88,42.37,35.9,26.0,84.66,7.47,196.36,jute
80.87,56.89,42.2,26.05,82.03,6.8,197.42,jute
114.16,49.38,17.36,26.84,79.51,6.63,85.92,cotton
32.33,127.48,204.54,21.48,93.52,6.08,120.31,apple
35.94,51.07,19.05,26.34,67.91,7.11,46.79,mungbean
30.92,25.65,33.62,27.64,98.2,6.24,220.1,coconut
21.12,78.95,15.31,19.99,64.23,7.38,41.68,lentil
25.18,73.46,24.51,18.04,22.7,6.29,116.56,kidneybeans
75.33,45.69,23.72,23.79,55.6,5.92,75.23,maize
134.22,59.5,21.46,26.85,84.83,7.46,86.55,cotton
18.03,19.08,10.47,27.37,94.8,7.17,110.44,orange
25.4,79.21,78.69,19.07,22.43,7.23,98.24,chickpea
22.69,29.53,28.63,34.37,46.26,5.76,39.51,mango
18.05,127.51,199.21,23.85,92.79,6.0,109.78,apple
33.97,27.77,12.91,27.68,92.05,6.91,109.78,orange
67.46,35.61,40.86,23.88,77.58,6.95,223.49,rice
27.42,79.35,15.45,23.62,18.74,6.38,60.48,kidneybeans
26.94,36.14,21.26,30.89,50.27,5.02,55.94,mothbeans
39.12,57.46,76.62,17.65,17.58,6.39,78.16,chickpea
28.16,20.5,26.94,25.83,92.85,6.06,176.57,coconut
98.66,24.82,54.4,24.13,84.16,6.31,48.9,watermelon
108.99,20.94,32.61,25.12,55.99,6.22,178.31,coffee
90.84,52.8,35.46,20.78,87.94,5.67,284.39,rice
59.56,75.78,53.28,25.2,86.41,6.54,174.75,papaya
97.96,47.24,44.13,25.43,87.99,6.3,220.19,rice
113.26,43.21,24.45,24.61,71.03,7.2,63.05,cotton
36.65,24.12,26.7,29.71,92.99,5.6,179.24,coconut
73.28,41.18,39.69,24.7,87.5,6.8,156.92,jute
32.67,61.17,20.64,24.47,22.08,5.94,72.63,kidneybeans
19.19,126.54,199.88,25.82,81.4,5.67,67.86,grapes
108.74,10.07,45.77,29.91,91.06,6.28,20.31,muskmelon
33.05,43.75,21.63,24.38,39.93,5.6,54.69,mothbeans
49.66,69.63,50.91,28.38,91.3,6.45,69.55,papaya
135.7,48.55,18.25,25.76,72.54,6.83,65.95,cotton
74.98,55.19,44.4,22.72,84.44,5.75,292.6,rice
21.47,133.78,201.73,21.86,90.23,5.71,105.5,apple
24.01,79.78,17.21,23.39,24.84,5.67,141.74,kidneybeans
24.86,25.02,38.81,22.49,87.57,5.73,107.77,pomegranate
28.05,20.75,40.61,24.52,89.49,6.28,112.55,pomegranate
22.99,12.06,38.17,22.85,93.67,6.87,118.55,pomegranate
73.24,39.04,41.6,22.62,77.05,5.76,249.15,rice
21.23,125.35,203.88,31.62,82.08,5.85,67.07,grapes
58.08,56.8,51.98,36.53,86.96,6.16,124.03,papaya
25.04,42.42,20.21,26.63,35.3,7.35,34.78,mothbeans
94.45,17.64,47.83,26.13,80.08,6.44,46.88,watermelon
36.45,21.73,34.89,29.39,95.3,6.41,219.95,coconut
26.09,65.08,22.3,25.32,65.45,6.84,46.71,lentil
39.3,136.97,196.27,25.17,84.1,5.78,67.41,grapes
15.91,58.69,17.59,27.9,89.27,6.43,44.16,mungbean
35.35,121.39,198.38,22.74,94.21,5.5,103.52,apple
106.62,22.94,54.33,26.97,83.4,6.27,42.44,watermelon
30.99,125.93,199.41,21.53,91.98,6.38,116.23,apple
87.47,39.16,29.34,26.41,69.8,7.17,198.82,coffee
25.28,20.25,10.07,21.65,90.37,6.99,116.12,orange
31.66,62.26,19.76,23.65,24.14,5.73,66.93,kidneybeans
36.12,64.64,15.4,24.5,65.17,5.68,134.72,pigeonpeas
29.54,48.94,17.61,27.33,84.62,7.03,40.19,mungbean
28.46,10.52,11.26,13.34,94.07,7.31,108.45,orange
25.07,63.43,20.21,18.71,23.17,5.56,101.97,kidneybeans
17.22,70.19,23.54,20.23,18.4,5.77,131.35,kidneybeans
18.35,29.52,29.38,25.77,92.32,6.83,169.64,coconut
99.61,16.5,51.28,25.79,84.33,6.24,44.09,watermelon
91.15,31.02,27.91,26.23,67.44,6.89,150.61,coffee
23.64,44.55,20.72,30.98,56.19,3.66,37.27,mothbeans
98.1,75.12,45.09,28.35,82.91,5.72,126.81,banana
93.15,58.12,40.41,20.64,78.43,6.41,210.22,rice
32.31,79.47,20.4,28.37,74.03,6.62,64.96,blackgram
61.25,58.49,44.58,26.97,85.92,6.04,174.71,jute
98.11,96.55,48.23,23.89,87.95,6.66,98.99,banana
93.19,45.44,24.32,22.87,57.97,6.01,84.85,maize
15.36,56.31,19.6,21.55,20.47,6.04,70.55,kidneybeans
22.74,142.37,200.21,22.03,93.56,5.94,114.14,apple
21.21,13.43,29.45,26.74,99.11,5.74,215.27,coconut
93.9,25.03,32.81,25.89,59.35,6.18,166.7,coffee
128.76,58.65,18.38,26.69,76.13,6.1,79.66,cotton
93.07,25.73,34.38,24.9,65.16,7.5,180.34,coffee
88.32,47.77,43.53,20.49,88.35,6.54,199.64,rice
31.44,15.91,12.37,24.38,91.19,7.13,111.24,orange
25.3,125.33,200.47,22.1,94.79,6.48,121.82,apple
35.72,39.48,21.69,29.37,49.79,8.25,59.04,mothbeans
21.7,79.2,95.12,22.35,23.21,6.02,98.56,chickpea
104.73,22.39,51.68,24.53,83.07,6.73,49.27,watermelon
16.65,62.89,24.95,18.04,22.43,5.95,121.98,kidneybeans
103.23,11.33,54.05,24.59,82.6,6.1,49.99,watermelon
32.1,61.09,15.9,25.81,68.93,6.23,73.88,blackgram
19.72,17.47,14.82,29.31,91.44,7.32,103.74,orange
53.8,76.56,50.56,29.15,89.28,6.33,45.88,papaya
93.91,81.94,50.54,26.97,84.1,6.28,120.69,banana
28.25,28.88,12.8,21.77,90.39,7.45,109.18,orange
23.68,57.83,15.27,28.21,74.02,6.83,45.88,mungbean
64.88,44.19,43.9,20.72,83.91,5.53,198.2,rice
25.51,73.0,21.25,28.03,64.2,7.28,71.12,blackgram
15.36,56.56,24.11,35.07,63.79,5.19,151.22,pigeonpeas
17.71,26.66,30.57,28.28,92.37,5.65,185.02,coconut
28.72,31.77,34.33,28.62,48.39,4.71,81.03,mango
31.27,21.99,44.73,23.47,91.04,6.33,122.59,pomegranate
19.55,79.45,17.84,16.25,69.64,5.55,54.91,lentil
22.37,64.25,23.07,22.71,20.15,6.43,114.51,kidneybeans
16.54,36.22,15.24,28.0,36.17,4.45,54.01,mothbeans
21.8,69.83,78.78,19.78,19.57,6.05,79.07,chickpea
16.35,66.22,18.62,22.42,64.07,6.98,40.12,lentil
24.53,33.17,31.98,33.65,52.68,5.02,87.31,mango
19.28,59.32,23.36,24.87,68.75,5.62,51.41,lentil
30.82,64.7,23.94,16.79,22.46,6.02,79.34,kidneybeans
35.13,33.14,26.07,36.48,54.26,4.81,92.56,mango
129.77,36.16,15.84,24.81,80.94,5.59,84.24,cotton
18.41,127.74,203.38,13.42,80.99,6.02,63.45,grapes
109.29,90.33,54.63,27.1,76.32,6.79,103.12,banana
52.67,64.31,48.42,26.85,90.9,6.07,139.07,papaya
38.23,133.3,198.63,25.34,87.72,6.01,61.15,grapes
131.65,41.2,22.7,26.55,73.82,7.03,85.05,cotton
110.21,81.8,49.28,24.42,80.91,6.73,104.48,banana
103.56,11.82,45.71,29.56,94.12,6.72,28.4,muskmelon
110.84,78.61,47.64,28.92,77.57,5.56,96.12,banana
98.19,58.43,38.01,23.32,88.1,6.15,155.44,jute
64.63,54.5,37.5,20.57,84.3,6.8,290.7,rice
16.83,14.98,43.02,22.46,94.71,5.52,111.91,pomegranate
39.09,56.57,19.84,29.74,72.64,6.88,50.17,mungbean
22.13,124.46,196.67,23.22,93.07,5.84,100.44,apple
122.87,59.95,17.8,26.8,75.67,6.37,96.65,cotton
46.12,63.51,48.55,33.12,86.32,7.0,185.3,papaya
95.92,40.37,20.13,25.15,74.93,6.64,103.14,maize
36.53,22.08,35.55,19.4,93.16,6.81,124.65,pomegranate
41.25,69.09,18.51,30.09,64.8,7.32,76.06,blackgram
43.41,72.73,19.02,29.67,60.95,6.58,70.87,blackgram
34.16,36.37,15.09,29.92,82.8,7.19,50.57,mungbean
18.5,120.18,202.85,33.8,88.27,6.55,61.38,grapes
94.01,86.24,48.71,29.63,75.15,5.88,122.18,banana
15.84,77.43,17.5,18.13,34.23,6.95,122.55,pigeonpeas
101.66,23.89,29.3,24.86,61.01,6.16,159.61,coffee
26.67,25.04,11.64,22.39,94.58,6.53,118.78,orange
25.72,11.04,11.57,21.13,93.23,6.49,114.48,orange
33.7,38.73,28.34,30.05,50.42,6.79,81.53,mango
29.73,76.21,20.12,33.68,62.99,6.11,64.79,blackgram
30.59,56.45,20.71,27.58,76.39,7.19,60.33,mungbean
91.52,19.06,30.17,27.05,68.49,6.68,198.36,coffee
94.97,10.0,52.74,29.92,94.64,6.04,20.65,muskmelon
18.69,17.9,33.98,26.04,94.19,5.95,161.38,coconut
28.39,28.75,27.38,27.85,96.82,5.58,169.42,coconut
22.63,23.83,28.07,25.47,92.4,6.85,192.92,coconut
23.48,36.28,20.67,27.89,56.72,8.46,51.0,mothbeans
93.21,58.6,15.81,19.06,72.09,5.95,86.65,maize
87.37,40.94,42.02,25.26,89.81,5.9,287.27,rice
100.91,35.34,33.08,25.01,69.45,6.54,181.51,coffee
36.88,58.06,23.86,24.9,43.93,4.75,54.02,mothbeans
64.78,48.72,38.56,25.44,82.71,5.99,298.18,rice
96.28,70.68,49.49,28.63,85.35,6.01,128.66,banana
122.68,45.99,15.36,24.48,71.63,5.78,90.39,cotton
37.87,138.75,196.79,21.02,94.55,6.22,104.94,apple
16.1,24.97,40.44,19.91,87.8,6.32,109.52,pomegranate
27.31,22.12,33.99,33.54,46.38,4.79,64.43,mango
60.74,54.18,22.8,19.51,55.79,5.86,87.69,maize
23.08,63.38,22.5,35.02,45.81,4.75,152.03,pigeonpeas
103.89,17.36,51.54,28.05,90.51,6.62,28.3,muskmelon
32.47,73.44,16.75,28.98,63.35,5.78,93.06,pigeonpeas
25.46,19.32,33.43,29.69,97.31,6.5,163.09,coconut
33.4,124.46,199.94,23.54,94.69,5.59,122.48,apple
19.12,25.81,29.7,34.06,50.02,4.92,75.77,mango
35.85,130.76,199.92,32.0,82.66,6.56,73.98,grapes
131.14,50.79,17.42,25.41,82.23,5.56,61.82,cotton
48.16,72.99,49.99,26.71,87.9,6.78,120.61,papaya
31.98,142.78,196.87,11.55,84.71,6.94,67.72,grapes
107.12,96.63,47.04,24.61,83.68,6.72,106.3,banana
30.82,24.5,32.18,29.31,50.96,5.68,61.33,mango
28.09,22.51,29.83,27.67,92.45,5.55,143.7,coconut
102.17,24.15,47.82,26.29,83.76,6.49,48.1,watermelon
39.12,13.29,36.21,23.99,88.85,6.13,113.5,pomegranate
24.7,123.2,201.01,33.09,88.82,6.88,71.85,grapes
32.47,68.62,16.74,30.69,74.53,7.28,76.47,blackgram
28.82,43.3,18.36,31.07,67.8,7.05,46.63,mungbean
76.75,59.69,15.46,22.07,57.79,5.96,99.5,maize
19.64,35.53,15.39,32.36,80.75,6.41,46.43,mungbean
102.99,38.82,25.18,23.23,64.82,7.16,171.81,coffee
23.17,15.24,41.54,19.47,92.31,6.55,108.46,pomegranate
16.19,26.68,31.39,26.44,94.32,5.91,189.16,coconut
101.4,89.05,47.14,24.19,76.49,6.37,128.27,banana
27.17,74.08,21.01,26.07,69.14,6.24,35.93,lentil
68.17,67.37,47.73,33.33,85.23,6.18,180.82,papaya
29.63,71.83,21.77,24.36,62.75,6.28,46.82,lentil
20.0,17.56,38.94,19.8,94.34,6.39,123.7,pomegranate
30.6,121.01,200.03,16.01,81.4,6.63,69.39,grapes
35.48,22.83,27.01,29.28,94.35,6.14,184.51,coconut
26.14,72.51,17.55,27.08,60.9,6.1,65.35,blackgram
77.63,36.88,24.28,26.49,69.54,6.82,84.84,maize
109.38,19.59,30.31,27.69,63.41,7.29,187.52,coffee
37.97,75.09,18.76,29.64,69.96,6.91,77.39,blackgram
16.01,54.56,21.79,31.69,58.49,5.88,68.79,mothbeans
62.49,55.07,37.34,25.21,79.52,7.04,177.78,jute
30.99,71.1,94.72,17.42,21.18,7.86,71.57,chickpea
89.16,43.73,41.96,24.91,81.05,6.97,284.65,rice
38.88,62.19,20.94,21.63,19.93,6.15,133.92,kidneybeans
25.85,11.01,30.14,28.99,90.04,6.35,161.43,coconut
96.05,46.78,41.31,25.45,84.41,6.49,189.74,jute
28.06,64.19,15.73,22.42,21.02,6.44,135.9,kidneybeans
33.31,25.18,29.61,33.72,47.15,6.18,90.6,mango
28.23,26.96,26.53,29.95,94.29,5.94,185.26,coconut
33.04,135.28,202.56,23.92,90.94,6.34,117.25,apple
35.07,71.12,18.12,23.76,64.74,6.23,110.53,pigeonpeas
54.1,60.37,45.9,24.12,93.04,6.3,238.48,papaya
119.83,98.75,48.91,24.5,79.93,5.93,113.79,banana
36.49,134.57,204.6,22.53,91.51,6.48,101.11,apple
37.76,74.72,15.5,25.66,71.25,7.27,73.32,blackgram
19.26,142.71,196.04,18.08,87.05,6.57,72.63,grapes
72.18,51.8,42.98,26.01,80.65,6.3,254.41,rice
31.84,11.52,30.65,28.35,98.18,6.15,151.76,coconut
48.73,68.1,53.89,31.55,91.9,6.37,157.71,papaya
17.21,19.76,28.59,27.27,99.04,5.85,173.13,coconut
15.06,61.88,23.28,15.52,67.15,6.04,43.09,lentil
97.43,12.0,52.18,24.95,84.17,6.07,45.8,watermelon
29.51,10.11,35.67,18.9,87.14,6.91,106.18,pomegranate
27.87,127.44,200.34,24.0,91.94,6.05,100.93,apple
29.54,56.05,19.07,31.62,60.98,7.61,65.9,mothbeans
23.36,40.09,15.97,28.21,73.05,6.83,46.7,mungbean
23.04,55.25,21.67,15.78,19.88,5.66,95.05,kidneybeans
20.73,135.59,200.05,29.09,84.44,5.77,66.75,grapes
97.14,22.77,53.52,26.77,84.83,6.31,41.04,watermelon
37.0,47.82,20.11,26.82,85.31,6.89,51.07,mungbean
16.04,49.99,21.92,27.29,50.17,9.32,66.38,mothbeans
85.34,39.88,35.71,23.69,88.45,6.02,239.8,rice
30.09,62.8,15.12,20.84,18.54,6.38,66.67,kidneybeans
94.28,11.56,49.24,26.85,80.32,6.53,46.36,watermelon
115.2,23.96,29.28,26.25,53.29,6.72,168.75,coffee
78.89,39.02,37.48,20.58,80.22,5.78,193.59,rice
60.71,58.64,49.68,37.33,94.4,6.92,73.31,papaya
17.14,58.24,24.62,25.64,78.31,6.51,62.9,mungbean
103.21,19.62,52.96,25.18,80.59,6.38,48.56,watermelon
98.8,40.55,38.85,20.13,84.3,6.7,277.75,rice
37.3,78.58,89.3,21.31,22.14,7.65,77.62,chickpea
17.96,58.41,15.34,22.11,68.33,5.7,50.59,lentil
29.03,14.39,39.13,22.5,93.24,5.66,102.69,pomegranate
29.71,133.03,200.53,31.59,81.18,6.21,65.27,grapes
94.12,37.32,44.02,26.04,73.1,6.58,157.94,jute
60.64,48.71,39.27,25.91,83.12,6.71,161.47,jute
103.72,51.78,18.69,24.22,77.37,6.94,95.13,cotton
101.54,16.09,49.86,25.32,85.06,6.44,40.17,watermelon
37.32,22.44,33.36,25.16,95.5,5.61,209.48,coconut
91.04,14.47,53.7,29.97,90.52,6.28,20.64,muskmelon
34.66,75.45,22.56,26.74,65.08,6.45,75.28,blackgram
19.9,27.81,27.85,28.55,98.21,6.42,171.43,coconut
38.32,67.32,20.27,33.81,66.37,6.38,68.36,blackgram
34.02,76.57,20.57,30.58,44.19,5.62,91.51,pigeonpeas
106.18,17.98,54.79,27.59,91.71,6.79,27.57,muskmelon
27.89,73.33,85.28,24.12,20.29,6.55,79.69,chickpea
39.9,78.45,19.86,21.62,46.77,5.83,127.51,pigeonpeas
18.65,26.55,27.88,27.48,45.36,6.78,32.34,mango
19.31,77.41,23.66,23.86,65.52,5.66,36.57,lentil
70.17,38.42,37.76,26.81,82.76,6.22,188.83,jute
90.3,10.06,47.62,27.22,91.62,6.61,29.15,muskmelon
92.6,18.84,53.48,28.46,94.06,6.2,22.64,muskmelon
50.66,79.9,48.08,32.97,89.56,6.26,175.54,papaya
37.91,77.15,77.85,18.14,22.18,6.31,60.76,chickpea
61.63,47.09,42.86,23.99,78.16,7.0,172.79,jute
111.38,71.04,47.51,27.7,80.11,6.31,127.48,banana
97.19,23.15,50.1,24.4,81.83,6.64,44.03,watermelon
29.52,75.1,17.37,22.08,31.57,6.51,103.0,pigeonpeas
119.58,81.21,46.77,28.13,84.43,5.67,109.25,banana
115.62,39.95,21.35,26.75,71.67,7.15,80.23,cotton
39.13,79.73,21.51,29.58,61.76,6.38,68.76,blackgram
105.15,19.34,53.49,29.95,94.78,6.65,21.22,muskmelon
59.65,77.56,48.46,34.87,90.75,6.34,52.11,papaya
28.22,58.73,17.41,18.89,61.63,5.88,46.99,lentil
18.7,15.13,36.03,22.18,94.6,6.23,102.13,pomegranate
116.71,42.44,21.29,22.86,77.36,5.69,78.93,cotton
27.55,59.82,21.67,24.65,66.13,7.47,48.35,lentil
105.51,20.08,52.61,25.64,88.55,6.32,45.09,watermelon
76.35,49.76,20.37,18.28,69.51,6.31,65.21,maize
21.88,67.08,21.11,24.67,60.29,5.38,134.3,pigeonpeas
21.57,132.81,200.78,27.45,87.77,6.33,63.43,grapes
29.67,53.22,17.83,30.63,43.74,5.47,58.77,mothbeans
100.51,86.71,47.28,26.89,89.71,5.63,113.23,banana
37.12,66.8,20.62,28.5,65.78,7.0,65.02,blackgram
21.74,56.3,17.86,19.75,52.49,4.62,156.66,pigeonpeas
38.23,66.49,18.92,28.79,62.22,6.23,152.23,pigeonpeas
29.15,13.28,36.98,19.48,94.88,5.79,116.63,pomegranate
22.03,29.71,43.69,18.27,89.86,5.6,114.85,pomegranate
37.2,79.38,19.58,23.96,36.27,6.76,97.63,pigeonpeas
37.78,58.95,18.55,26.5,57.56,4.5,56.95,mothbeans
24.39,21.95,32.36,25.65,90.2,6.85,208.39,coconut
99.21,10.3,52.27,24.85,85.44,6.09,48.14,watermelon
24.54,78.25,17.8,23.06,62.65,5.7,41.74,lentil
29.9,10.6,10.2,10.22,94.47,6.58,100.61,orange
27.22,13.17,43.39,22.58,90.0,5.8,124.9,pomegranate
63.65,48.4,35.83,23.86,75.6,6.54,159.13,jute
92.15,42.02,35.27,20.52,85.01,6.75,289.78,rice
38.32,44.7,22.84,26.92,63.2,6.38,56.31,mungbean
61.49,57.24,42.39,23.39,87.96,6.66,184.54,jute
32.81,19.79,13.62,16.86,93.95,7.04,107.78,orange
31.59,20.6,36.23,22.98,87.68,5.69,129.28,pomegranate
21.75,125.44,197.25,22.51,90.96,6.18,104.57,apple
22.74,39.82,16.39,26.33,82.7,6.44,45.27,mungbean
81.57,39.43,40.75,23.66,75.61,6.6,255.87,rice
39.94,44.57,19.88,30.47,50.37,4.43,34.94,mothbeans
62.83,54.89,36.37,24.08,80.94,6.71,175.44,jute
130.3,36.26,18.2,23.61,81.25,5.56,94.24,cotton
95.24,31.92,31.18,27.35,50.76,6.26,179.87,coffee
22.89,50.13,19.84,29.16,44.63,4.06,59.96,mothbeans
39.95,66.44,21.8,23.36,18.36,6.34,116.83,kidneybeans
35.49,74.97,83.2,18.32,22.67,6.23,72.56,chickpea
72.47,43.02,39.66,22.72,81.22,6.39,271.5,rice
23.37,57.07,17.41,26.02,64.42,5.58,35.77,lentil
44.61,72.84,22.43,27.56,67.47,7.27,78.14,blackgram
17.95,53.9,18.03,29.11,79.39,6.79,47.04,mungbean
94.5,96.34,53.8,25.37,89.15,6.49,116.61,banana
19.7,11.92,43.32,19.92,94.51,5.69,103.78,pomegranate
66.24,40.7,35.15,26.59,83.76,5.68,248.94,rice
107.18,17.97,47.65,26.34,85.08,6.45,42.2,watermelon
24.29,71.93,21.37,24.19,66.55,5.96,45.16,lentil
33.91,43.32,19.58,32.68,85.21,6.63,56.73,mungbean
33.36,47.96,20.77,26.5,64.61,6.5,48.94,mothbeans
107.44,24.84,50.44,27.88,91.95,6.29,24.33,muskmelon
30.01,23.01,33.02,26.87,90.96,5.9,140.87,coconut
37.53,16.05,38.58,23.55,92.42,6.38,114.04,pomegranate
38.54,77.24,18.45,22.8,42.29,6.84,186.1,pigeonpeas
98.78,51.94,35.31,22.24,87.19,5.63,193.28,rice
24.81,67.55,15.77,25.18,73.68,6.33,60.73,blackgram
19.11,26.9,13.28,17.34,91.29,6.44,108.83,orange
20.04,124.66,199.01,23.76,93.87,6.4,116.99,apple
34.01,54.5,20.83,32.08,65.65,6.98,60.75,mungbean
39.76,29.08,39.56,21.71,87.5,5.98,108.96,pomegranate
27.86,15.65,37.1,23.3,86.27,5.82,113.42,pomegranate
19.52,139.11,200.28,22.83,91.18,6.04,108.66,apple
18.35,78.29,21.02,26.08,61.71,7.22,43.74,lentil
27.52,67.9,16.9,18.03,21.63,5.79,131.24,kidneybeans
71.65,59.29,35.97,21.97,89.79,6.62,225.23,rice
28.81,59.74,23.1,29.64,51.15,4.2,64.79,mothbeans
92.34,41.05,40.02,26.52,75.4,6.17,275.28,rice
97.42,52.69,43.01,26.24,89.31,6.72,197.53,jute
33.7,59.19,22.61,27.36,65.45,4.95,177.14,pigeonpeas
30.01,66.18,22.03,31.18,64.03,6.36,73.11,blackgram
31.96,135.51,203.04,21.05,90.22,5.6,109.54,apple
29.79,127.18,199.52,23.78,92.66,6.03,103.04,apple
31.36,63.88,20.11,28.77,63.32,7.19,125.59,pigeonpeas
107.42,21.34,45.6,28.95,91.86,6.16,29.82,muskmelon
84.48,20.87,28.72,27.46,52.15,6.28,154.26,coffee
41.55,74.37,77.32,22.78,24.77,6.55,84.23,chickpea
22.89,45.0,24.61,27.67,73.78,7.12,44.35,mungbean
35.24,22.97,33.25,35.36,50.34,6.73,98.96,mango
61.02,44.02,20.93,23.87,64.73,6.15,96.22,maize
95.14,13.66,49.29,27.81,90.17,6.66,23.93,muskmelon
33.26,43.83,18.96,31.73,47.67,4.52,67.64,mothbeans
102.72,22.14,34.41,27.12,58.21,7.01,181.8,coffee
22.41,37.81,25.89,32.95,52.92,5.57,52.74,mango
16.33,76.56,15.19,19.0,34.82,5.1,100.63,pigeonpeas
91.87,17.67,45.24,27.88,90.04,6.15,28.81,muskmelon
17.04,125.83,203.0,21.19,90.82,5.81,121.41,apple
61.34,74.23,48.54,33.77,92.75,6.81,225.05,papaya
99.87,42.43,16.67,22.01,70.79,7.18,64.78,maize
92.14,28.69,33.0,23.08,64.04,6.82,174.97,coffee
35.78,24.38,10.43,26.08,91.94,7.04,100.8,orange
17.57,56.8,16.94,15.11,69.46,7.39,44.59,lentil
107.18,28.79,30.4,23.18,62.27,7.15,161.27,coffee
83.61,35.93,22.08,24.25,59.72,7.13,97.81,maize
25.95,11.57,36.97,22.96,90.85,6.6,123.55,pomegranate
19.56,70.5,17.4,19.9,60.46,6.49,52.42,lentil
29.89,39.43,15.88,29.76,42.01,9.33,64.32,mothbeans
29.64,35.55,16.81,26.05,39.18,4.0,48.6,mothbeans
68.32,52.44,23.25,20.42,58.27,6.54,83.26,maize
38.34,71.4,95.07,21.26,19.95,6.14,95.21,chickpea
73.11,53.6,40.29,25.96,85.72,6.48,189.2,jute
22.23,75.3,24.43,17.8,61.29,5.89,38.84,lentil
84.45,58.21,42.7,23.72,74.08,7.39,152.27,jute
113.41,19.63,31.26,26.73,60.09,6.7,197.31,coffee
21.08,55.5,16.83,22.26,60.31,6.83,49.08,lentil
18.97,24.84,27.51,25.65,99.39,5.77,158.4,coconut
102.49,96.46,51.06,29.94,87.42,5.89,107.9,banana
72.17,47.97,44.36,25.91,83.75,5.59,227.09,rice
106.74,22.31,32.24,23.69,66.63,7.22,180.85,coffee
29.08,57.07,23.39,28.96,50.56,5.69,101.38,pigeonpeas
23.87,38.63,17.61,26.42,46.24,9.37,30.04,mothbeans
104.86,46.24,18.86,23.23,81.38,7.24,62.94,cotton
96.23,39.1,37.04,23.02,74.87,6.24,173.41,jute
30.62,140.58,203.93,35.07,89.62,6.18,61.29,grapes
23.73,71.8,23.94,31.74,61.9,6.87,65.82,blackgram
113.4,58.26,19.12,25.78,72.48,6.55,62.1,cotton
27.05,51.53,24.77,31.93,80.48,6.5,50.27,mungbean
60.44,53.44,24.37,25.84,74.3,6.47,102.57,maize
64.4,77.99,47.57,26.42,87.11,6.39,167.91,papaya
107.13,14.75,52.6,29.98,92.32,6.07,25.58,muskmelon
85.77,23.85,29.01,24.2,64.43,6.26,172.1,coffee
29.44,28.54,30.47,29.21,97.58,6.24,183.6,coconut
67.17,65.0,46.49,26.36,90.58,6.27,162.35,papaya
94.42,17.49,53.48,27.34,92.68,6.23,21.34,muskmelon
27.0,55.99,18.83,15.62,65.04,5.93,47.25,lentil
24.69,70.9,18.53,23.63,22.29,5.72,81.74,kidneybeans
21.81,61.74,18.79,34.21,70.71,7.12,77.14,blackgram
93.34,25.17,29.39,24.38,51.99,6.58,173.44,coffee
23.28,39.62,20.76,26.15,62.62,5.25,59.97,mothbeans
60.68,55.05,41.83,23.58,82.21,6.24,199.5,jute
112.82,84.12,46.56,28.41,76.13,5.56,111.84,banana
16.41,27.84,41.47,24.36,86.72,6.44,101.55,pomegranate
20.28,21.41,28.37,32.52,51.97,4.77,63.4,mango
81.84,16.55,29.79,26.11,59.73,7.28,190.52,coffee
23.61,122.47,200.91,10.41,88.48,6.03,64.27,grapes
116.24,16.61,30.72,27.12,53.57,6.56,197.5,coffee
102.73,99.88,50.99,26.54,86.32,6.36,98.26,banana
83.14,15.51,28.18,24.71,63.73,6.15,197.08,coffee
97.08,19.27,52.55,24.14,84.44,6.35,42.71,watermelon
69.24,39.63,23.89,25.82,73.25,7.14,69.59,maize
103.33,20.53,49.39,28.42,93.88,6.36,23.76,muskmelon
32.58,71.47,21.44,30.41,67.76,6.18,61.79,blackgram
114.12,32.67,25.49,23.69,61.38,7.46,192.06,coffee
36.66,76.84,22.23,28.65,64.94,7.09,71.75,blackgram
16.46,126.77,204.98,23.83,90.93,6.07,110.89,apple
28.03,140.43,199.29,22.28,91.59,6.06,106.66,apple
26.04,28.72,31.23,25.03,94.61,5.66,143.0,coconut
61.02,51.24,39.74,20.39,82.38,5.73,186.57,rice
62.75,42.99,40.63,23.09,77.18,6.72,171.16,jute
23.66,55.52,90.09,24.57,23.41,7.03,61.1,chickpea
80.34,44.19,39.34,24.08,79.93,5.7,227.78,rice
30.31,125.13,197.42,32.35,87.05,5.95,61.33,grapes
27.43,128.04,195.29,41.08,82.31,6.6,74.14,grapes
103.52,16.72,48.61,25.05,87.61,6.03,41.27,watermelon
26.38,66.35,22.39,26.87,56.47,4.88,104.12,pigeonpeas
31.02,48.87,16.59,25.05,40.87,4.57,59.67,mothbeans
92.55,11.01,45.73,29.29,91.57,6.05,26.56,muskmelon
49.57,74.34,45.42,23.24,85.01,6.2,71.84,papaya
23.34,29.28,31.84,28.05,97.53,5.52,160.1,coconut
16.82,64.48,24.6,16.82,20.83,6.0,139.43,kidneybeans
31.68,14.94,40.36,18.82,89.08,5.65,105.92,pomegranate
28.49,26.69,29.77,27.88,95.2,6.52,142.83,coconut
101.31,12.55,47.42,28.78,94.28,6.51,22.2,muskmelon
65.34,73.35,51.12,36.56,87.65,6.54,147.42,papaya
61.52,43.12,36.47,24.7,74.7,7.28,193.7,jute
21.17,56.45,16.92,22.86,20.79,5.68,75.29,kidneybeans
134.81,36.12,18.6,25.66,82.57,6.59,62.22,cotton
26.26,35.14,26.86,31.94,47.04,5.42,37.67,mango
51.13,65.94,49.52,33.93,85.65,6.92,82.66,papaya
22.74,69.84,16.55,33.27,70.26,6.34,75.13,blackgram
110.96,21.68,33.54,27.67,55.86,6.2,180.9,coffee
35.25,55.66,16.35,30.13,52.86,6.02,44.53,mothbeans
135.02,50.7,17.44,23.3,84.46,7.0,88.23,cotton
87.15,52.14,42.8,25.1,86.08,6.16,180.1,jute
90.42,12.63,47.97,27.25,93.95,6.11,27.65,muskmelon
27.8,70.38,94.62,23.45,14.37,7.03,90.25,chickpea
107.41,18.54,46.87,26.4,87.03,6.7,42.06,watermelon
36.36,22.0,27.42,28.7,52.3,6.17,33.98,mango
21.44,17.12,30.29,27.32,98.34,5.68,146.6,coconut
25.94,18.46,11.06,13.51,92.6,6.81,100.48,orange
26.77,142.59,199.55,23.47,92.42,6.06,114.29,apple
31.89,36.49,16.61,25.59,45.35,9.62,51.83,mothbeans
127.54,52.09,20.91,25.42,77.75,5.82,83.54,cotton
94.5,53.35,42.21,26.0,74.84,7.4,155.44,jute
36.62,28.78,10.42,27.7,91.75,6.84,111.3,orange
19.77,55.79,24.27,21.09,58.59,6.27,183.44,pigeonpeas
39.8,135.33,199.89,22.11,92.76,6.2,109.31,apple
94.81,15.82,52.5,28.99,91.28,6.11,21.49,muskmelon
66.21,52.21,18.96,21.58,61.92,7.45,94.76,maize
19.61,132.1,204.38,28.29,83.82,5.82,69.18,grapes
28.79,19.94,14.96,29.17,90.05,6.84,110.35,orange
20.54,27.71,34.49,29.01,46.8,5.24,83.16,mango
118.89,32.86,28.07,26.76,52.26,6.98,169.71,coffee
25.02,47.64,19.19,30.87,53.64,9.18,31.57,mothbeans
106.51,24.66,54.96,28.42,92.69,6.55,20.75,muskmelon
92.7,56.55,22.97,21.53,70.47,6.66,70.05,maize
26.01,24.83,38.46,21.17,89.95,5.69,100.98,pomegranate
17.15,37.15,18.34,25.11,51.33,5.08,59.76,mothbeans
36.27,22.17,33.26,28.89,94.65,6.74,143.16,coconut
34.61,12.9,12.45,29.34,91.79,6.98,115.48,orange
97.94,53.12,23.81,26.88,59.97,7.3,67.62,maize
102.45,44.51,21.73,23.27,77.66,7.5,61.91,cotton
30.65,76.16,87.95,21.19,24.59,7.37,73.89,chickpea
34.22,55.05,15.83,28.48,80.9,6.7,48.56,mungbean
34.86,61.69,22.93,18.25,19.26,5.94,100.62,kidneybeans
67.12,41.13,19.18,18.2,72.44,6.85,99.03,maize
95.78,42.97,18.35,23.04,55.73,6.2,86.05,maize
22.52,40.69,18.72,32.76,61.71,6.58,46.46,mungbean
128.03,56.99,18.26,25.23,71.12,5.71,91.3,cotton
32.17,17.65,28.99,34.18,53.11,5.09,98.49,mango
93.23,12.44,52.57,29.96,92.35,6.78,23.13,muskmelon
96.12,14.44,51.24,28.04,92.98,6.6,29.92,muskmelon
101.58,17.17,50.65,27.04,91.82,6.36,29.57,muskmelon
118.76,26.47,32.82,26.37,58.79,6.83,152.53,coffee
39.59,18.51,43.92,20.2,91.63,6.39,116.45,pomegranate
90.84,24.13,48.03,26.27,88.84,6.22,44.38,watermelon
82.94,51.09,41.15,24.41,85.54,6.9,169.67,jute
93.45,23.71,52.64,29.04,94.85,6.2,25.86,muskmelon
31.6,66.37,15.18,29.0,63.14,7.45,62.04,blackgram
109.99,17.99,51.4,24.2,84.75,6.76,40.21,watermelon
23.72,21.28,31.3,26.98,90.44,6.34,201.12,coconut
24.9,50.11,19.72,30.27,36.64,9.6,38.16,mothbeans
98.03,57.4,44.54,24.5,85.44,5.92,201.75,rice
29.23,29.88,33.87,28.03,93.41,6.1,191.88,coconut
25.82,43.38,15.82,25.51,42.23,4.07,52.39,mothbeans
108.53,23.92,50.29,24.33,86.1,6.41,40.76,watermelon
94.05,97.33,52.43,26.29,83.95,5.61,127.97,banana
98.31,59.43,41.97,23.48,73.22,7.4,174.43,jute
28.84,130.24,196.72,26.16,85.72,5.57,65.62,grapes
26.38,129.4,204.78,21.54,92.06,5.79,115.48,apple
23.01,28.29,39.11,24.45,85.83,6.34,128.23,pomegranate
108.5,24.8,31.1,26.5,58.65,6.94,161.2,coffee
102.29,13.14,51.1,24.01,82.15,6.72,41.17,watermelon
21.43,22.26,10.92,26.13,91.99,7.48,110.2,orange
24.68,49.15,15.06,29.52,64.83,5.64,63.56,mothbeans
16.46,43.95,20.97,25.05,42.46,4.65,43.6,mothbeans
101.46,75.18,50.89,25.5,88.4,5.84,122.93,banana
32.2,67.71,76.72,21.92,16.04,6.13,91.62,chickpea
29.61,39.08,22.8,31.65,57.27,8.39,68.29,mothbeans
16.96,37.95,27.63,31.81,46.19,4.92,98.81,mango
33.86,126.86,201.34,20.08,84.74,5.86,67.13,grapes
34.59,54.94,22.99,29.58,44.9,7.0,34.85,mothbeans
117.83,95.84,47.2,24.69,81.76,6.0,115.98,banana
96.28,13.87,51.12,28.06,94.56,6.56,25.82,muskmelon
29.0,77.71,15.61,23.27,62.67,7.38,40.36,lentil
90.01,78.31,46.5,25.93,80.64,5.72,109.09,banana
20.24,19.28,33.33,32.08,52.85,5.19,94.54,mango
23.44,23.08,29.96,30.83,54.86,6.59,83.0,mango
37.82,14.66,25.35,29.48,95.87,6.82,191.82,coconut
17.98,134.7,196.78,25.97,89.29,6.66,70.63,grapes
17.27,19.06,14.54,32.21,92.62,7.29,115.96,orange
26.44,123.59,196.54,9.05,86.79,6.4,61.2,grapes
99.69,21.57,49.38,26.07,83.41,6.04,49.85,watermelon
32.99,24.45,31.24,29.86,47.22,6.0,38.72,mango
104.02,18.08,32.87,26.34,68.31,6.99,195.48,coffee
101.45,26.79,28.68,27.34,54.81,6.32,188.28,coffee
96.3,19.51,49.26,25.12,85.77,6.64,45.72,watermelon
15.78,57.34,20.27,25.64,60.78,6.39,37.39,lentil
30.77,35.18,19.06,29.09,74.34,6.5,54.89,mungbean
104.05,14.11,48.27,25.36,89.3,6.66,46.17,watermelon
30.76,138.7,197.17,23.18,92.31,5.86,108.91,apple
97.47,11.48,53.44,28.64,91.07,6.33,26.48,muskmelon
27.51,10.26,43.03,20.87,88.74,5.53,125.58,pomegranate
25.65,62.75,24.11,21.02,66.39,6.93,42.87,lentil
34.11,60.26,20.1,25.59,47.25,5.73,127.7,pigeonpeas
108.48,19.94,53.17,24.97,87.09,6.39,49.1,watermelon
119.62,15.44,25.21,27.79,56.09,7.41,176.72,coffee
105.57,24.31,50.48,27.48,90.94,6.27,26.37,muskmelon
33.87,21.12,12.56,21.36,90.72,6.11,101.39,orange
79.75,40.93,35.41,23.45,89.24,6.42,242.26,rice
20.33,60.74,20.51,26.35,62.56,6.36,45.86,lentil
39.89,65.47,17.37,36.69,40.64,6.36,131.8,pigeonpeas
29.4,57.48,23.76,34.75,63.7,6.01,70.82,blackgram
16.82,126.67,195.02,9.68,84.04,6.54,61.93,grapes
33.69,121.45,197.13,22.92,92.97,5.56,116.47,apple
16.47,70.38,20.38,18.77,67.58,6.87,50.74,lentil
70.75,40.82,23.32,18.79,71.88,6.07,66.39,maize
35.21,72.83,20.7,22.29,23.26,6.21,125.11,kidneybeans
30.16,70.58,20.8,28.5,61.32,6.08,68.24,blackgram
22.49,56.45,21.22,23.48,24.86,5.56,103.66,kidneybeans
116.76,15.33,33.72,27.45,67.66,6.46,179.45,coffee
27.76,76.29,18.83,20.32,64.85,6.07,47.13,lentil
35.53,144.17,198.8,36.86,82.08,6.09,72.83,grapes
26.58,77.87,20.31,19.03,63.69,5.99,47.79,lentil
107.27,10.35,53.43,25.76,81.2,6.78,43.59,watermelon
30.38,122.53,202.18,22.76,93.67,5.72,111.49,apple
65.36,77.13,48.33,32.15,91.76,6.79,54.69,papaya
37.82,52.93,20.15,31.93,61.19,6.33,61.84,mungbean
106.02,11.97,49.15,27.7,93.4,6.04,21.34,muskmelon
88.25,39.14,43.61,25.78,74.01,6.48,172.96,jute
15.78,79.93,17.18,32.38,44.94,5.17,150.3,pigeonpeas
16.0,36.46,15.06,34.55,73.17,6.49,52.42,mungbean
31.38,126.26,203.48,23.03,90.46,6.22,110.78,apple
94.74,48.49,23.26,23.56,58.34,5.62,87.0,maize
32.79,21.48,25.13,26.82,98.06,6.88,192.93,coconut
52.42,68.61,52.71,42.08,91.72,6.13,114.57,papaya
25.97,17.97,34.54,28.73,93.62,6.91,188.4,coconut
106.06,23.11,49.73,29.32,94.06,6.17,26.95,muskmelon
33.84,60.3,19.46,19.25,18.48,6.02,95.27,kidneybeans
139.49,45.79,22.37,22.77,75.07,5.86,80.02,cotton
23.95,74.35,15.09,24.52,18.53,6.31,93.79,kidneybeans
107.16,20.38,46.75,27.31,92.67,6.42,27.65,muskmelon
17.77,64.88,24.81,15.01,20.93,5.75,60.9,kidneybeans
26.86,143.14,196.59,37.7,84.75,6.56,65.81,grapes
25.96,17.83,40.5,18.67,86.18,5.54,107.0,pomegranate
15.36,120.29,199.94,13.66,85.11,5.81,68.35,grapes
28.82,15.7,10.42,10.87,90.08,6.43,101.22,orange
23.14,12.56,44.4,19.92,94.74,6.7,125.57,pomegranate
35.51,28.37,25.94,32.31,52.61,6.51,75.07,mango
71.24,41.45,42.26,20.4,84.27,5.65,201.79,rice
47.1,71.8,46.84,29.6,93.8,6.08,57.58,papaya
15.96,19.11,40.77,21.49,86.2,5.63,115.45,pomegranate
21.62,77.02,18.75,26.49,54.51,5.33,142.64,pigeonpeas
34.22,71.43,17.09,15.38,23.49,5.57,140.61,kidneybeans
24.47,26.76,25.6,29.02,98.13,5.82,176.74,coconut
21.0,52.94,24.99,34.53,68.37,6.41,60.4,mungbean
15.15,24.4,33.28,25.55,92.11,5.63,163.35,coconut
36.63,45.48,24.95,28.13,75.76,7.17,51.86,mungbean
20.5,68.52,20.74,16.57,60.39,5.92,38.77,lentil
27.14,58.17,16.36,33.44,66.61,7.47,61.71,blackgram
30.94,59.7,97.5,22.85,18.73,7.58,94.62,chickpea
117.65,59.11,20.99,24.58,76.41,7.31,96.36,cotton
26.05,75.17,17.41,25.4,60.51,6.55,36.45,lentil
111.15,86.29,53.45,23.29,79.84,6.61,98.27,banana
17.55,74.63,20.06,15.25,22.71,5.62,127.5,kidneybeans
24.42,47.01,22.94,28.34,85.17,6.88,59.06,mungbean
128.69,43.52,24.32,24.92,74.93,6.75,69.3,cotton
21.74,65.87,20.8,25.9,64.73,7.02,44.94,lentil
31.41,15.96,10.4,17.13,94.21,7.1,119.73,orange
79.5,54.77,16.29,24.32,58.35,7.37,102.1,maize
86.88,48.55,24.56,24.99,59.21,5.74,76.17,maize
90.41,20.76,45.31,24.64,85.3,6.57,42.99,watermelon
75.04,46.84,44.6,26.33,75.39,6.63,189.05,jute
33.88,49.98,17.14,27.69,51.67,4.29,68.12,mothbeans
15.8,137.04,202.89,9.27,83.58,5.75,74.24,grapes
20.28,20.85,35.14,24.27,93.84,5.74,113.94,pomegranate
22.23,59.99,23.17,16.59,61.9,5.85,51.66,lentil
103.6,11.37,54.9,24.15,83.65,6.34,43.55,watermelon
15.67,18.22,11.06,24.99,93.54,6.95,101.39,orange
16.45,23.98,30.01,25.98,90.83,6.57,142.3,coconut
98.63,59.64,40.11,22.39,75.68,5.66,196.71,rice
25.95,50.21,24.45,27.17,63.85,6.51,41.42,mungbean
107.3,26.21,28.7,25.33,64.28,6.22,168.77,coffee
17.36,140.79,196.0,24.57,80.91,5.52,69.76,grapes
21.62,35.57,26.16,31.55,47.53,5.32,30.37,mango
45.89,66.28,49.93,30.15,93.42,6.74,45.61,papaya
17.2,22.52,31.72,28.32,54.47,6.84,72.51,mango
60.91,65.75,54.42,38.37,93.84,6.2,196.82,papaya
44.39,73.44,75.08,21.49,20.83,6.72,62.87,chickpea
61.24,68.46,50.98,38.78,94.56,6.16,214.73,papaya
134.53,44.7,19.64,24.27,78.18,6.49,81.13,cotton
36.25,49.52,23.74,29.76,43.12,4.29,68.08,mothbeans
65.25,46.78,37.37,24.62,84.51,6.72,162.58,jute
106.67,72.93,45.8,23.45,85.81,5.63,126.88,banana
38.79,16.52,31.92,26.32,97.29,6.97,164.92,coconut
50.11,68.66,50.67,35.97,85.87,6.03,142.38,papaya
21.27,37.0,15.25,30.77,62.45,9.57,68.69,mothbeans
27.45,135.48,201.1,38.33,89.93,6.22,72.29,grapes
105.61,92.88,50.03,25.3,88.96,6.26,95.0,banana
18.42,132.82,197.85,21.83,92.35,5.59,118.87,apple
20.29,56.42,22.73,33.56,61.33,5.9,150.38,pigeonpeas
75.19,55.72,23.67,20.62,64.08,7.03,82.52,maize
30.09,140.29,204.43,22.28,91.71,6.13,112.33,apple
23.45,63.18,19.36,22.11,66.12,5.97,54.98,lentil
66.5,70.32,48.61,35.3,94.82,6.08,158.73,papaya
105.06,22.96,27.69,26.69,56.32,6.06,191.35,coffee
17.83,22.3,44.86,19.25,85.41,6.13,126.21,pomegranate
32.83,77.94,22.8,16.32,19.39,5.89,76.91,kidneybeans
23.41,44.09,18.89,27.42,61.48,7.03,60.49,mungbean
126.3,51.14,23.6,22.01,70.65,6.9,94.06,cotton
65.58,41.29,44.9,24.88,83.04,5.81,216.17,rice
22.83,56.89,16.75,24.7,21.04,6.23,118.87,kidneybeans
23.94,28.9,35.44,19.61,94.51,6.73,107.74,pomegranate
138.98,47.67,20.43,22.08,75.73,5.93,89.42,cotton
37.11,72.56,23.43,34.68,73.87,6.41,68.3,blackgram
91.44,79.72,49.49,23.88,77.1,5.61,114.33,banana
93.54,59.31,38.22,24.83,80.12,6.05,186.7,jute
25.43,132.01,202.46,24.8,89.59,6.47,64.56,grapes
122.88,36.14,24.15,25.58,75.75,6.12,61.7,cotton
17.98,39.52,20.1,26.26,89.23,6.85,50.4,mungbean
102.68,11.67,54.28,29.77,90.57,6.12,22.12,muskmelon
62.68,51.59,24.43,21.84,66.11,6.49,89.33,maize
65.63,64.77,53.85,23.37,93.62,6.56,143.17,papaya
37.27,131.89,204.58,34.16,86.61,6.26,73.03,grapes
31.49,57.48,75.84,18.3,15.03,7.3,71.43,chickpea
109.22,93.16,50.34,23.89,81.66,6.6,118.08,banana
17.23,69.46,20.17,15.52,23.06,5.74,84.38,kidneybeans
23.56,15.43,29.02,28.44,95.53,5.83,179.97,coconut
95.14,21.31,49.62,26.25,83.14,6.17,42.53,watermelon
19.21,23.56,40.16,18.85,88.98,5.93,125.24,pomegranate
22.83,20.55,38.03,24.88,93.63,5.76,122.33,pomegranate
95.57,76.99,48.86,26.37,81.44,6.27,95.82,banana
35.79,65.45,19.66,26.2,69.01,6.3,62.26,blackgram
